chunk1_id,chunk2_id,subject,cosine_similarity,pair_type,manual_label,chunk1_text,chunk2_text
10580,10788,DBMS,0.917631,near_threshold,1,"newer database systems are relaxing this requirement, in this chapter we will assume that italways holds. 2NF is mainly of historical interest. 3NF and BCNF are important from a database design standpoint. Boyce-Codd Normal Form Let R be a relation schema, X be a subset of the attributes of R, and let A be an attribute of R. R is in Boyce-Codd normal form if for every FD X ! A that holds over R, one of thefollowing statements is true:  A 2 X; that is, it is a trivial FD, or  X is a super key. Note that if we are given a set F of FDs, according to this de nition, we must consider each dependency X ! A in the closure F + to determine whether R is in BCNF. However, we can provethat it is sufficient to check whether the left side of each dependency in F is a super key (by computing the attri","in 3NF is also in 2NF, and every relation in 2NF is in 1NF. A relation is in first normal form if every field contains only atomic values, that is, not lists or sets. This requirement is implicit in our definition of the relational model. Although some of the newer database systems are relaxing this requirement, in this chapter we will assume that it always holds. 2NF is mainly of historical interest. 3NF and BCNF are important from a database design standpoint. Boyce-Codd Normal Form(BCNF): Let R be a relation schema, X be a subset of the attributes of R, and let A be an attribute of R. R is in Boyce-Codd normal form if for every FD X ->A that holds over R, one of the following statements is true: A -> X; that is, it is a trivial FD, or X is a super key. Note that if we are given a set F"
7558,8451,Operating Systems,0.890373,near_threshold,1,"processes are swapped in and out of the CPU, so must their code and data be swapped in and out of memory, all at high speeds and without interfering with any other processes. • Shared memory, virtual memory, the classification of memory as read-only versus read-write, and concepts like copy-on-write forking all further complicate the issue. Basic Hardware • It should be noted that from the memory chips point of view, all memory accesses are equivalent. The memory hardware doesn't know what a particular part of memory is being used for, nor does it care. This is almost true of the OS as well, although not entirely. • The CPU can only access its registers and main memory. It cannot, for example, make direct access to the hard drive, so any data stored there must first be transferred into the","operation. Every instruction has to be fetched from memory before it can be executed, and most instructions involve retrieving data from memory or storing data in memory or both.  The advent of multi-tasking OSs compounds the complexity of memory management, because as processes are swapped in and out of the CPU, so must their code and data be swapped in and out of memory, all at high speeds and without interfering with any other processes.  Shared memory, virtual memory, the classification of memory as read-only versus read-write, and concepts like copy-on-write forking all further complicate the issue. 4.1.1 Basic Hardware  It should be noted that from the memory chips point of view, all memory accesses are equivalent. The memory hardware doesn't know what a particular part of memory"
7318,7319,Operating Systems,0.86468,near_threshold,0,"cat [path] 2. head : Displays the first n lines of the specified text files. If the number of lines is not specified then by default prints first 10 lines. head [-number_of_lines_to_print] [path] 3. tail : It works the same way as head, just in reverse order. The only difference in tail is, it returns the lines from bottom to up. tail [-number_of_lines_to_print] [path] 4. sort : Sorts the lines alphabetically by default but there are many options available to modify the sorting mechanism. Be sure to check out the main page to see everything it can do. sort [-options] [path] 5. uniq : Removes duplicate lines. uniq has a limitation that it can only remove continuous duplicate lines(although this can be fixed by the use of piping). Assuming we have the following data. uniq [options] [path] Wh","Assuming we have the following data. uniq [options] [path] When applying uniq to sorted data, it removes the duplicate lines because, after sorting data, duplicate lines come together. 6. wc : wc command gives the number of lines, words and characters in the data. wc [-options] [path] In above image the wc gives 4 outputs as: • number of lines • number of words • number of characters • path 7. grep : grep is used to search a particular information from a text file. grep [options] pattern [path] Below are the two ways in which we can implement grep. 8. tac : tac is just the reverse of cat and it works the same way, i.e., instead of printing from lines 1 through n, it prints lines n through 1. It is just reverse of cat command. tac [path] 9. sed : sed stands for stream editor. It allows us t"
9641,9645,Computer Networks,0.856254,near_threshold,0,"TCP offers full-duplex service, in which data can flow in both directions at the same time. Each TCP then has a sending and receiving buffer, and segments move in both directions 6 Connection-Oriented Service TCP is a connection-oriented protocol. When a process at site A wants to send and receive data from another process at site B, the following occurs: 1. The two TCPs establish a connection between them. 2. Data are exchanged in both directions. 3. The connection is terminated. 7 Reliable Service TCP is a reliable transport protocol. It uses an acknowledgment mechanism to check the safe and sound arrival of data. We will discuss this feature further in the section on error control. 1 Numbering System There are two fields called the sequence number and the acknowledgment number. These tw","TCP is a reliable transport layer protocol. This means that an application program that delivers a stream of data to TCP relies on TCP to deliver the entire stream to the application program on the other end in order, without error, and without any part lost or duplicated. TCP provides reliability using error control. Error control includes mechanisms for detecting corrupted segments, lost segments, out-of-order segments, and duplicated segments. Error control also includes a mechanism for correcting errors after they are detected. Error detection and correction in TCP is achieved through the use of three simple tools: checksum, acknowledgment, and time-out. Each segment includes a checksum field which is used to check for a corrupted segment. If the segment is corrupted, it is discarded b"
7290,8301,Operating Systems,0.851744,near_threshold,0,"at same time. • Hierarchical File System - Linux provides a standard file structure in which system files/ user files are arranged. • Shell - Linux provides a special interpreter program which can be used to execute commands of the operating system. It can be used to do various types of operations, callapplication programs etc. • Security - Linux provides user security using authentication features like password Linux Advantages 1. Low cost: You don‘t need to spend time and money to obtain licenses since Linux and much of its software come with the GNU General Public License. You can start to work immediately without worrying that your software may stop working anytime because the free trial version expires. Additionally, there are large repositories from which you can freely download high","It can handle unusually large numbers of users simultaneously, and can make old computers sufficiently responsive to be useful again. 4. Network friendliness: Linux was developed by a group of programmers over the Internet and has therefore strong support for network functionality; client and server systems can be easily set up on any computer running Linux. It can perform tasks such as network backups faster and DEPT OF CSE 13 more reliably than alternative systems. 5. Flexibility: Linux can be used for high performance server applications, desktop applications, and embedded systems. You can save disk space by only installing the components needed for a particular use. You can restrict the use of specific computers by installing for example only selected office applications instead of the"
8783,8784,Operating Systems,0.850191,near_threshold,1,"scheduling is a important OS function. All resources are scheduled before use.(cpu, memory, devices…..) Process scheduling is an essential part of a Multiprogramming operating systems. Such operating systems allow more than one process to be loaded into the executable memory at a time and the loaded process shares the CPU using time multiplexing . Scheduling Objectives  Maximize throughput.  Maximize number of users receiving acceptable response times.  Be predictable.  Balance resource use.  Avoid indefinite postponement.  Enforce Priorities.  Give preference to processes holding key resources scheduling is a important OS function. All resources are scheduled before use.(cpu, memory, devices…..) Process scheduling is an essential part of a Multiprogramming operating systems. Such o","Such operating systems allow more than one process to be loaded into the executable memory at a time and the loaded process shares the CPU using time multiplexing . Scheduling Objectives  Maximize throughput.  Maximize number of users receiving acceptable response times.  Be predictable.  Balance resource use.  Avoid indefinite postponement.  Enforce Priorities.  Give preference to processes holding key resources SCHEDULING QUEUES: people live in rooms. Process are present in rooms knows as queues. There are 3types 1. job queue: when processes enter the system, they are put into a job queue, which SCHEDULING QUEUES: people live in rooms. Process are present in rooms knows as queues. There are 3types 1. job queue: when processes enter the system, they are put into a job queue, which"
7800,7811,Operating Systems,0.849468,near_threshold,0,"The page replacement algorithms are used for the decision making of replacing the page in physical address space. 5. The page table will updated accordingly. 6. The signal will be sent to the CPU to continue the program execution and it will place the PAGE FAULT – A page fault happens when a running program accesses a memory page that is mapped into the virtual address space, but not loaded in physical memory. Since actual physical memory is much smaller than virtual memory, page faults happen. In case of page fault, Operating System might have to replace one of the existing pages with the newly needed page. Different page replacement algorithms suggest different ways to decide which page to replace. The target for all algorithms is to reduce the number of page faults. physical address and","the process on an I/O wait, allowing some other process to use the CPU in the meantime. ) 5. When the I/O operation is complete, the process’s page table is updated with the new frame number, and the invalid bit is changed to indicate that this is now a valid page reference. 6. The instruction that caused the page fault must now be restarted from the beginning, ( as soon First In First Out (FIFO) – This is the simplest page replacement algorithm. In this algorithm, the operating system keeps track of all pages in the memory in a queue, the oldest page is in the front of the queue. When a page needs to be replaced page in the front of the queue is selected for removal. Example-1 Consider page reference string 1, 3, 0, 3, 5, 6 with 3 page frames. Find number of page faults. Initially all slo"
9045,9080,Computer Networks,0.848033,near_threshold,0,"3. Network Layer: This is responsible for addressing messages and data so they are sent to the correct destination, and for translating logical addresses and names (like a machine name FLAME) into physical addresses. This layer is also responsible for finding a path through the network to the destination computer. 2. Data-Link Layer: This layer takes the data frames or messages from the Network Layer and provides for their actual transmission. At the receiving computer, this layer receives the incoming data and sends it to the network layer for handling. The Data-Link Layer also provides error-free delivery of data between the two computers by using the physical layer. It does this by packaging the data from the Network Layer into a frame, which includes error detection information. At the","6. Presentation Layer: Determines the format used to exchange data among networked computers. 5. Session Layer: Allows two applications to establish, use and disconnect a connection between them called a session. Provides for name recognition and additional functions like security, which are needed to allow applications to communicate over the network. 4. Transport Layer: Ensures that data is delivered error free, in sequence and with no loss, duplications or corruption. This layer also repackages data by assembling long messages into lots of smaller messages for sending, and repackaging the smaller messages into the original larger message at the receiving end. 3. Network Layer: This is responsible for addressing messages and data so they are sent to the correct destination, and for trans"
9497,10308,Computer Networks,0.846272,near_threshold,0,"sending during the one I-ms period that this station is sending. The throughput for pure ALOHA is S = G × e −2G . The maximum throughput Smax = 0.184 when G= (1/2). PROBLEM A pure ALOHA network transmits 200-bit frames on a shared channel of 200 kbps. What is the throughput if the system (all stations together) produces a. 1000 frames per second b. 500 frames per second c. 250 frames per second. The frame transmission time is 200/200 kbps or 1 ms. a. If the system creates 1000 frames per second, this is 1 frame per millisecond. The load is 1. In this case S = G× e−2 G or S = 0.135 (13.5 percent). This means that the throughput is 1000 × 0.135 = 135 frames. Only 135 frames out of 1000 will probably survive. b. If the system creates 500 frames per second, this is (1/2) frame per millisecond.","to one-half, equal to Tfr Figure 4 shows the situation Below fig shows that the vulnerable time for slotted ALOHA is one-half that ofpure ALOHA. Slotted ALOHA vulnerable time = Tfr The throughput for slotted ALOHA is S = G × e−G . The maximum throughput Smax = 0.368 when G =1. A slotted ALOHA network transmits 200-bit frames using a shared channel witha 200- Kbps bandwidth. Find the throughput if the system (all stations together) produces a. 1000 frames per second b. 500 frames per second c. 250 frames per second Solution This situation is similar to the previous exercise except that the network is using slotted ALOHA instead of pure ALOHA. The frame transmission time is 200/200 kbps or 1 ms. a. In this case G is 1. So S =G x e-G or S =0.368 (36.8 percent). This means thatthe throughput i"
8017,8020,Operating Systems,0.84504,near_threshold,0,"P3 2 9 p4 3 5 If the processes arrive at the ready queue at the times shown and need the indicated burst times, then the resulting preemptive SJF schedule is as depicted in the following Gantt chart: Process PI is started at time 0, since it is the only process in the queue. Process PZ arrives at time 1. The remaining time for process P1 (7 milliseconds) is larger than the time required by process P2 (4 milliseconds), so process P1 is preempted, and process P2 is scheduled. The average waiting time for this The SJF algorithm is a special case of the general priority-scheduling algorithm. A priority is associated with each process, and the CPU is allocated to the process with the highest priority. Equal-priority processes are scheduled in FCFS order. An SJF algorithm is simply a priority al","paid for computer use, the department sponsoring the work, and other, often political, factors. Priority scheduling can be either preemptive or nonpreemptive. When a process arrives at the ready queue, its priority is compared with the priority of the currently running process. If we were using the FCFS scheduling scheme, then the average waiting time would be 10.25 milliseconds. The SJF scheduling algorithm is provably optimal, in that it gives the minimum average waiting time for a given set of processes. By moving a short process before a long one, the waiting time of the short process decreases more than it increases the waiting time of the long process. Consequently, the average waiting time decreases. The real difficulty with the SJF algorithm is knowing the length of the next CPU re"
9567,10334,Computer Networks,0.841089,near_threshold,0,"used inside an autonomous system, but not between autonomous systems. These two protocols are not suitable for inter domain routing mostly because of scalability. Both of these routing protocols become intractable when the domain of operation becomes large. Distance vector routing is subject to instability in the domain of operation. Link state routing needs a huge amount of resources to calculate routing tables. It also creates heavy traffic because of flooding. There is a need for a third routing protocol which we call path vector routing. Path vector routing proved to be useful for inter domain routing. The principle of path vector routing is similar to that of distance vector routing. In path vector routing, we assume that there is one node (there can be more, but one is enough for our","flooding. There is a need for a third routing protocol which we call path vector routing. Path vector routing proved to be useful for inter domain routing. The principle of path vector routing is similar to that of distance vector routing. In path vector routing, we assume that there is one node (there can be more, but one is enough for our conceptual discussion) in each AS that acts on behalf of the entire AS. Let us call it the speaker node. The speaker node in an AS creates a routing table and advertises it to speaker nodes in the neighboring ASs. The idea is the same as for distance vector routing except that only speaker nodes in each AS can communicate with each other. However, what is advertised is different. A speaker node advertises the path, not the metric of the nodes, in its au"
10840,10841,DBMS,0.834448,near_threshold,1,"techniques, which can help DBMS in recovering as well as maintaining the atomicity of transaction: actually modifying the database. Maintaining shadow paging, where are the changes are done on a volatile memory and later the actual database is updated. LOG-BASED RECOVERY Log is a sequence of records, which maintains the records of actions performed by a transaction. It is important that the logs are written prior to actual modification and stored on a stable storage media, which is failsafe. Log based recovery works as follows: The log file is kept on stable storage media When a transaction enters the system and starts execution, it writes a log about it <Tn, Start> When the transaction modifies an item X, it write logs as follows: <Tn, X, V1, V2> It reads Tn has changed the value of X, fr","When transaction finishes, it logs: <Tn, commit> Database can be modified using two approaches: 1. Deferred database modification: All logs are written on to the stable storage and database is updated when transaction commits. 2. Immediate database modification: Each log follows an actual database modification. That is, database is modified immediately after every operation. RECOVERY WITH CONCURRENT TRANSACTIONS When more than one transactions are being executed in parallel, the logs are interleaved. At the time of recovery it would become hard for recovery system to backtrack all logs, and then start recovering. To ease this situation most modern DBMS use the concept of 'checkpoints'. Checkpoint Keeping and maintaining logs in real time and in real environment may fill out all the memory"
7363,8920,Operating Systems,0.832306,near_threshold,0,"CIRCULAR WAIT: A set {P0,P1,…..Pn} of waiting processes must exist such that P0 is waiting for resource held by P1, P1 is waiting for a resource held by P2,……,Pn-1 is waiting for a resource held by Pn and Pn is waiting for a resource held byP0. RESOURCE ALLOCATION GRAPH Deadlocks can be described more precisely in terms of a directed graph called a system resource allocation graph. This graph consists of a set of vertices V and a set of edges E. the set of verticesV is partitioned into 2 different types of nodes: P = {P1, P2….Pn}, the set consisting of all the active processes in the system. R= {R1, R2….Rm}, the set consisting of all resource types in the system. A directed edge from process Pi to resource type Rj is denoted by Pi ->Rj. It signifies that process Pi has requested an instanc","PROCESS STATES: Process P1 is holding an instance of resource type R2 and is waiting for an instance of resource type R1. Process P2 is holding an instance of R1 and an instance of R2 and is waiting for instance of R3. Process P3 is holding an instance of R3. If the graph contains no cycles, then no process in the system is deadlocked. If the graph does contain a cycle, then a deadlock may exist. Suppose that process P3 requests an instance of resource type R2. Since no resource instance is currently available, a request edge P3 ->R2 is added to the graph. 2 cycles: P2 ->R3 ->P3 ->R2 ->P2 Processes P1, P2, P3 are deadlocked. Process P2 is waiting for the resource R3, which is held by process P3.process P3 is waiting for either process P1 (or) P2 to release resource R2. In addition, P2 ->R3"
7879,8288,Operating Systems,0.830945,near_threshold,0," Allocate and de-allocate memory space as needed. File Management A file is a collection of related information defined by its creator. Commonly, files represent programs (both source and object forms) and data. The operating system is responsible for the following activities in connections with file management: ✦ File creation and deletion. ✦ Directory creation and deletion. ✦ Support of primitives for manipulating files and directories. ✦ Mapping files onto secondary storage. ✦ File backup on stable (nonvolatile) storage media. I/O System Management The I/O system consists of: ✦ A buffer-caching system ✦ A general device-driver interface ✦ Drivers for specific hardware devices Secondary-Storage Management Since main memory (primary storage) is volatile and too small to accommodate all d","In I/O a file or an I/O devices can be involved.  I/O operations are the read or write operations which are done with the help of input-output devices.  Operating system give the access to the I/O devices when it required. 3) File system manipulation  The collection ofrelated information which represent some content is known as a file. The computer can store files on the secondary storage devices. For long-term storage purpose. examples of storage media include magnetic tape, magnetic disk and optical disk drives like CD, DVD. DEPT OF CSE 9  A file system is a collection of directories for easy understand and usage. These directories contain some files. There are some major activities which are performed by an operating system with respect to file management. o The operating syste"
9525,9826,Computer Networks,0.829154,near_threshold,0,"Even parity: To check for even parity, if the total number of 1s is even, then the value of the parity bit is 0. If the total number of 1s occurrences is odd, then the value of the parity bit is 1. Odd Parity: To check for odd parity, if the total number of 1s is even, then the value of parity bit is 1. If the total number of 1s is odd, then the value of parity bit is 0. Algorithm of Hamming code: An information of 'd' bits are added to the redundant bits 'r' to form d+r. The location of each of the (d+r) digits is assigned a decimal value. k-1 The 'r' bits are placed in the positions 1,2,.....2 At the receiving end, the parity bits are recalculated. The decimal value of the parity bits determines the position of an error. Relationship b/w Error position & binary number. Let's understand t","data transfer. The redundancy bits are placed at certain calculated positions to eliminate the errors and the distance between the two redundancy bits is called ""Hamming Distance"". Steps to find the Hamming Code − The hamming method uses the extra parity bits to allow the identification of a single-bit error. ● Step 1 − First write the bit positions starting from 1 in a binary form (1, 10, 11,100, etc.) ● Step 2 − Mark all the bit positions that are powers of two as parity bits (1, 2, 4, 8, 16, 32, 64, etc.) ● Step 3 − All other bit positions are for the data to be encoded using (3, 5, 6, 7, 9, 10 and 11, etc.) Each parity bit calculates the parity for some of the bits in the code word. The position of the parity determines the sequence of bits that it alternatively checks and skips. ● Pos"
9761,10342,Computer Networks,0.821366,near_threshold,0,"o It is a standard protocol that allows the systems to communicate over the internet. o It establishes and maintains a connection between hosts. o When data is sent over the TCP connection, then the TCP protocol divides the data into smaller units known as segments. Each segment travels over the internet using multiple routes, and they arrive in different orders at the destination. The transmission control protocol reorders the packets in the correct order at the receiving end. o User Datagram Protocol o User Datagram Protocol is a transport layer protocol. o It is an unreliable transport protocol as in this case receiver does not send any ac- knowledgment when the packet is received, the sender does not wait for any acknowl- edgment. Therefore, this makes a protocol unreliable. Functions","Transport Protocols: UDP, Introduction to TCP, The TCP Service Model, The TCP Segment Header, The Connection Establishment, The TCP Connection Release, The TCP Sliding Window, The TCP Congestion Control Algorithm. TRANSPORT LAYER The network layer provides end-to-end packet delivery using datagrams or virtual circuits. The transport layer builds on the network layer to provide data transport from a process on a source machine to a process on a destination machine with a desired level of reliability that is independent of the physical networks currently in use. Services Provided to the Upper Layers The ultimate goal of the transport layer is to provide efficient, reliable, and cost-effective data transmission service to its users, normallyprocesses in the application layer. To achieve this,"
8748,8750,Operating Systems,0.820538,near_threshold,1,"o allocate and free memory File management OS provides an API to make these system calls for managing files o create file, delete file o open, close file o read, write, reposition o get and set file attributes Device management Process requires several resources to execute, if these resources are available, they will be granted and control retuned to user process. Some are physical such as video card and other such as file. User program request the device and release when finished o request device, release device o read, write, reposition o get device attributes, set device attributes o logically attach or detach devices Information maintenance System calls exist purely for transferring information between the user program and OS. It can return information about the system, such as the num","Examples of Windows and Unix System Calls MS-DOS execution (a) At system startup (b) running a program FreeBSD Running Multiple Programs System Programs System programs provide a convenient environment for program development and execution. The can be divided into: File manipulation Communications Application programs Most users’ view of the operation system is defined by system programs, not the actual system calls provide a convenient environment for program development and execution Some of them are simply user interfaces to system calls; others are considerably more complex Device management Process requires several resources to execute, if these resources are available, they will be granted and control retuned to user process. Some are physical such as video card and other such as fil"
10720,10733,DBMS,0.81935,near_threshold,0,"Unit -1 Database System Applications and IntroductiontoDatabaseDesign Database System Applications: DBMS contains information about a particular enterprise 1. Collection of interrelated data 2. Set of programs to access the data 3. An environment that is both convenient and efficient to use Database Applications: 1. Banking: all transactions 2. Airlines: reservations, schedules 3. Universities: registration, grades 4. Sales: customers, products, purchases 5. Online retailers: order tracking, customized recommendations 6. Manufacturing: production, inventory, orders, supply chain 7. Human resources: employee records, salaries, tax deductions 8. Databases touch all aspects of our lives What Is a DBMS? A very large, integrated collection of data. Models real-world enterprise. Entities (e.g.,","• Naïve users –invoke one of the permanent application programs that have been written previously – Examples, people accessing database over the web, bank tellers, clerical staff Database Administrator • Coordinates all the activities of the database system – has a good understanding of the enterp • Database administrator's duties include: – Storage structure and access method definition – Schema and physical organization modification – Granting users authority to access the database – Backing up data – Monitoring performance and responding to changes – Database tuning. History of Database Systems: • 1950s and early 1960s: – Data processing using magnetic tapes for storage • Tapes provide only sequential access – Punched cards for input • Late 1960s and 1970s: – Hard disks allow direct acc"
8373,8790,Operating Systems,0.818486,near_threshold,1,"Non-Preemptive Scheduling: CPU is assigned to one process, CPU do not release until the competition of that process. The CPU will assigned to some other process only after the previous process has finished. Preemptive scheduling: here CPU can release the processes even in the middle of the execution. Non-Preemptive Scheduling: CPU is assigned to one process, CPU do not release until the competition of that process. The CPU will assigned to some other process only after the previous process has finished. Preemptive scheduling: here CPU can release the processes even in the middle of the execution. DEPT OF CSE 43 received a signal from process p2. OS compares the priorities of p1 ,p2. If p1>p2, CPU continues the execution of p1. If p1<p2 CPU preempt p1 and assigned to p2. Dispatcher: The mai","that process. The CPU will assigned to some other process only after the previous process has finished. Preemptive scheduling: here CPU can release the processes even in the middle of the execution. CPU received a signal from process p2. OS compares the priorities of p1 ,p2. If p1>p2, CPU continues the execution of p1. If p1<p2 CPU preempt p1 and assigned to p2. Dispatcher: The main job of dispatcher is switching the cpu from one process to another process. Dispatcher connects the cpu to the process selected by the short term scheduler. Dispatcher latency: The time it takes by the dispatcher to stop one process and start another process is known as dispatcher latency. If the dispatcher latency is increasing, then the degree of multiprogramming decreases. SCHEDULING CRITERIA: 1. Throughput:"
9047,9048,Computer Networks,0.811949,near_threshold,0,"The upper layers of the OSI model deal with application issues and generally are implemented only in software. The highest layer, the application layer, is closest to the end user. Both users and application layer processes interact with software applications that contain a communications component. The term upper layer is sometimes used to refer to any layer above another layer in the OSI model. The lower layers of the OSI model handle data transport issues. The physical layer and the data link layer are implemented in hardware and software. The lowest layer, the physical layer, is closest to the physical network medium (the network cabling, for example) and is responsible for actually placing information on the medium . Figure 1.2.2 Two sets of layers make up the OSI layers 1.2.2.2 Proto","example) and is responsible for actually placing information on the medium . Figure 1.2.2 Two sets of layers make up the OSI layers 1.2.2.2 Protocols The OSI model provides a conceptual framework for communication between computers, but the model itself is not a method of communication. Actual communication is made possible by using communication protocols. In the context of data networking, a protocol is a formal set of rules and conventions that governs how computers exchange information over a network medium. A protocol implements the functions of one or more of the OSI layers. A wide variety of communication protocols exist. Some of these protocols include LAN protocols, WAN protocols, network protocols, and routing protocols. LAN protocols operate at the physical and data link layers"
7708,8905,Operating Systems,0.809005,near_threshold,1,"permission fairly to all the processes, reduce the average waiting time, response time, turnaround time for I/O to complete. OS developers implement schedules by maintaining a wait queue of the request for each device. Buffering – A buffer is a memory area that stores data being transferred between two devices or between a device and an application. Buffering is done for three reasons. 1. The first is to cope with a speed mismatch between producer and consumer of a data stream. 2. The second use of buffering is to provide adaptation for data that have different data-transfer sizes. 3. The third use of buffering is to support copy semantics for the application I/O, “copy semantic ” means, suppose that an application wants to write data on a disk that is stored in its buffer. it calls the wr","services provided.  Scheduling − Kernel schedules a set of I/O requests to determine a good order in which to execute them. When an application issues a blocking I/O system call, the request is placed on the queue for that device. The Kernel I/O scheduler rearranges the order of the queue to improve the overall system efficiency and the average response time experienced by the applications.  Buffering − Kernel I/O Subsystem maintains a memory area known as buffer that stores data while they are transferred between two devices or between a device with an application operation. Buffering is done to cope with a speed mismatch between the producer and consumer of a data stream or to adapt between devices that have different data transfer sizes.  Caching − Kernel maintains cache memory which"
11097,11098,DBMS,0.804313,near_threshold,0,"(cid:127) Update anomaly: a change must be made in multiple rows, risking inconsistency if missed anywhere. (cid:127) Deletion anomaly: deleting a row unintentionally removes other useful information. 3.9 Functional Dependencies (FDs) A functional dependency X fi Y means: for any two tuples that agree on attribute(s) X, they must also agree on Y (X functionally determines Y). FDs formalize the notion of a 'good' key and are the basis for normalization. Armstrong's Axioms (sound and complete inference rules for FDs): (cid:127) Reflexivity: if Y ˝ X, then X fi Y. (cid:127) Augmentation: if X fi Y, then XZ fi YZ. (cid:127) Transitivity: if X fi Y and Y fi Z, then X fi Z. Derived rules: Union, Decomposition, and Pseudo-transitivity — all can be proven from the three axioms above. 3.10 Normal F","(cid:127) Transitivity: if X fi Y and Y fi Z, then X fi Z. Derived rules: Union, Decomposition, and Pseudo-transitivity — all can be proven from the three axioms above. 3.10 Normal Forms Normal Form Condition 1NF Every attribute contains only atomic (indivisible) values — no repeating groups or multi-valued attributes. 2NF Must be in 1NF, and every non-key attribute must be fully functionally dependent on the ENTIRE primary key (no partial dependency on part of a composite key). 3NF Must be in 2NF, and no non-key attribute is transitively dependent on the primary key (no non-key attribute depends on another non-key attribute). BCNF For every non-trivial FD X fi Y, X must be a super key (a stronger form of 3NF, eliminates remaining anomalies from certain overlapping candidate keys). 4NF Mus"
7712,8014,Operating Systems,0.803969,near_threshold,1,"PROCESS SCHEDULING ● The process scheduling is the activity of the process manager that handles the removal of the running process from the CPU and the selection of another process on the basis of a particular strategy. ● Process scheduling is an essential part of a Multiprogramming operating systems. Such operating systems allow more than one process to be loaded into the executable memory at a time and the loaded process shares the CPU using time multiplexing. The prime aim of the process scheduling system is to keep the CPU busy all the time and to deliver minimum response time for all programs. For achieving this, the scheduler must apply appropriate rules for swapping processes IN and OUT of CPU. Scheduling fell into one of the two general categories: • Non Pre-emptive Scheduling: Whe","may be editing, printing, and compiling in parallel. Concurrent execution of cooperating processes requires mechanisms that allow processes to communicate with one another and to synchronize their actions. CPU Scheduling  Basic Concepts  Scheduling Criteria  Scheduling Algorithms  Multiple-Processor Scheduling  Real-Time Scheduling  Algorithm Evaluation Basic Concepts  Maximum CPU utilization obtained with multiprogramming  CPU–I/O Burst Cycle – Process execution consists of a cycle of CPU execution and I/O wait.  CPU burst distribution Alternating Sequence of CPU And I/O Bursts CPU Scheduler  Selects from among the processes in memory that are ready to execute, and allocates the CPU to one of them.  CPU scheduling decisions may take place when a process: 1. Switches from runnin"
10536,10726,DBMS,0.803469,near_threshold,1,"Databases change over time as information is inserted and deleted. The collection of information stored in the database at a particular moment is called an instance of the database. The overall design of the database is called the database schema. Schemas are changed infrequently, if at all. The concept of database schemas and instances can be understood by analogy to a program written in a programming language. Each variable has a particular value at a given instant. The values of the variables in a program at a point in time correspond to an instance of a database schema. Database systems have several schemas, partitioned according to the levels of abstraction. The physical schema describes the database design at the physical level, while the logical schema describes the database design","Example: The database consists of information about a set of customers and accounts and the relationship between them)Analogous to type information of a variable in aprogram. Physical schema: database design at the physical level Logical schema: database design at the logical level Instances and Schemas Instance –the actual content of the database at a particular point in time alogous to the valueof a variable. Physical Data Independence –the ability to modify the physical schema withoutchanging the logical schema . Applications depend on the logical schema. In general, the interfaces between the various levels and components should be well defined sothat changes in some parts do not seriously influence others."
8000,8282,Operating Systems,0.800821,near_threshold,1,"Real-Time Operating Systems (RTOS)  A real-time operating system (RTOS) is a multitasking operating system intended for applications with fixed deadlines (real-time computing). Such applications include some small embedded systems, automobile engine controllers, industrial robots, spacecraft, industrial control, and some large-scale computing systems.  The real time operating system can be classified into two categories: 1. hard real time system and 2. soft real time system.  A hard real-time system guarantees that critical tasks be completed on time. This goal requires that all delays in the system be bounded, from the retrieval of stored data to the time that it takes the operating system to finish any request made of it. Such time constraints dictate the facilities that are available","It is developed for real-time applications where data should be processed in a fixed, small duration of time. It is used in an environment where multiple processes are supposed to be accepted and processed in a short time. RTOS requires quick input and immediate response, e.g., in a petroleum refinery, if the temperate gets too high and crosses the threshold value, there should be an immediate DEPT OF CSE 7 response to this situation to avoid the explosion. Similarly, this system is used to control scientific instruments, missile launch systems, traffic lights control systems, air traffic control systems, etc. This system is further divided into two types based on the time constraints: Hard Real-Time Systems: These are used for the applications where timing is critical or response time is"
10524,10733,DBMS,0.800508,near_threshold,0,"◦ Telecommunication: For keeping records of calls made, generating monthly bills, maintainingbalances on prepaid calling cards, and storing information about the communication networks. Purpose of Database Systems Database systems arose in response to early methods of computerized management of commercial data. As an example of such methods, typical of the 1960s, consider part of a university organization that, among other data, keeps information about all instructors, students, departments, and course offerings. One way to keep the information on a computer is to store it in operating system files. To allow users to manipulate the information, the system has a number of application programs that manipulate the files, including programs to: Add new students, instructors, and courses Regist","• Naïve users –invoke one of the permanent application programs that have been written previously – Examples, people accessing database over the web, bank tellers, clerical staff Database Administrator • Coordinates all the activities of the database system – has a good understanding of the enterp • Database administrator's duties include: – Storage structure and access method definition – Schema and physical organization modification – Granting users authority to access the database – Backing up data – Monitoring performance and responding to changes – Database tuning. History of Database Systems: • 1950s and early 1960s: – Data processing using magnetic tapes for storage • Tapes provide only sequential access – Punched cards for input • Late 1960s and 1970s: – Hard disks allow direct acc"
8259,8264,Operating Systems,0.799574,near_threshold,0,"Therefore the operating system is the resource manager i.e. it can manage the resource of a computer system internally. The resources are processor, memory, files, and I/O devices. In simple terms, an operating system is an interface between the computer user and the machine. It is very important for you that every computer must have an operating system in order to run other programs. The operating system mainly coordinates the use of the hardware among the various system programs and application programs for various users. An operating system acts similarly like government means an operating system performs no useful function by itself; though it provides an environment within which other programs can do useful work. Below we have an abstract view of the components of the computer system:","A computer system consists of many resources like - hardware and software - that must be managed efficiently. The operating system acts as the manager of the resources, decides between conflicting requests, controls the execution of programs, etc. Types of Operating System Given below are different types of Operating System: 1. Simple Batch System 2. Multiprogrammed 3. DEPT OF CSE 2 In a Batch Operating System, the similar jobs are grouped together into batches with the help of some operator and these batches are executed one by one. For example, let us assume that we have 10 programs that need to be executed. operating system is designed mostly for ease of use, with some attention paid to performance, and none paid to resource utilization. Operating System: System View The operating syste"
9043,9753,Computer Networks,0.79927,near_threshold,1,"information from a software application in one computer moves through a network medium to a software application in another computer. The OSI reference model is a conceptual model composed of seven layers, each specifying particular network functions. The model was developed by the International Organization for Standardization (ISO) in 1984, and it is now considered the primary architectural model for inter-computer communications. The OSI model divides the tasks involved with moving information between networked computers into seven smaller, more manageable task groups. A task or group of tasks is then assigned to each of the seven OSI layers. Each layer is reasonably self-contained so that the tasks assigned to each layer can be implemented independently. This enables the solutions offe","1984, and it is now considered as an architectural model for the inter-computer communications. o OSI model divides the whole task into seven smaller and manageable tasks. Each layer is assigned a particular task. o Each layer is self-contained, so that task assigned to each layer can be performed inde- pendently. Characteristics of OSI Model: o The OSI model is divided into two layers: upper layers and lower layers. o The upper layer of the OSI model mainly deals with the application related issues, and they are implemented only in the software. The application layer is closest to the end user. Both the end user and the application layer interact with the software applications. An upper layer refers to the layer just above another layer. o The lower layer of the OSI model deals with the d"
10546,10901,DBMS,0.798387,near_threshold,1,"constraints and checks the authority of users to access data.  Transaction manager, which ensures that the database remains in a consistent (correct) state despite system failures, and that concurrent transaction executions proceed without conflicting.  File manager, which manages the allocation of space on disk storage and the data structures used to represent information stored on disk.  Buffer manager, which is responsible for fetching data from disk storage into main memory, and deciding what data to cache in main memory. The buffer manager is a critical part of the database system, since it enables the database to handle data sizes that are much larger than the size of main memory. Transaction Manager: A transaction is a collection of operations that performs a single logical funct"," The storage manager is responsible for the interaction with the file manager.  The raw data are stored on the disk using the file system, which is usually provided by a conventional operating system.  The storage manager translates the various DML statements into low-level file-system commands. Thus, the storage manager is responsible for storing, retrieving, and updating data in the database. The storage manager components include: 1. Authorization and integrity manager, which tests for the satisfaction of integrity constraints and checks the authority of users to access data. 2. Transaction manager, which ensures that the database remains in a consistent (correct) state despite system failures, and that concurrent transaction executions proceed without conflicting. 3. File manager, w"
9059,9807,Computer Networks,0.795604,near_threshold,0,"2. Sender calculates the checksum and sends checksum together with data. The checksum allows the receiver to determine when a frame has been damaged in transit or received correctly. 3. Receiver recomputes the checksum and compares it with the received value. If they differ, an error has occurred and the frame is discarded. 4. Error control protocol returns a positive or negative acknowledgment to the sender. A positive acknowledgment indicates the frame was received without errors, while a negative acknowledgment indicates the opposite. 5. Flow control prevents a fast sender from overwhelming a slower receiver. For example, a supercomputer can easily generate data faster than a PC can consume it. 6. In general, data link layer provides service to the network layer. The network layer wants","● As far as the data link layer is concerned, the packet passed across the interface to it from the network layer is pure data, whose every bit is to be delivered to the destination’s network layer. ● The fact that the destination’s network layer may interpret part of the packet as a header is of no concern to the data link layer. ● When the data link layer accepts a packet, it encapsulates the packet in a frame by adding a data link header and trailer to it (see Fig. 3-1). ● Thus, a frame consists of an embedded packet, some control information (in the header), and a checksum (in the trailer). The frame is then transmitted to the data link layer on the other machine. ● We will assume that there exist suitable library procedures to physical layer to send a frame and from physical layer to"
9042,9741,Computer Networks,0.79468,near_threshold,1,"same, provided that each machine can correctly use all protocols. A list of protocols used by a certain system, one protocol per layer, is called protocol stack. Summary: Why Layered architecture? 1. To make the design process easy by breaking unmanageable tasks into several smaller and manageable tasks (by divide-and-conquer approach). 2. Modularity and clear interfaces, so as to provide comparability between the different providers' components. 3. Ensure independence of layers, so that implementation of each layer can be changed or modified without affecting other layers. 4. Each layer can be analyzed and tested independently of all other layers. 1.2.2 Open System Interconnection Reference Model The Open System Interconnection (OSI) reference model describes how information from a softwa","words, it is the peers that communicate by using the protocol to talk to each other. No data are directly transferred from layer n on one machine to layer n on another machine. Instead, each layer passes data and control information to the layer immediately below it, until the lowest layer is reached. Below layer 1 is the physical medium through which actual communication occurs. In Fig. 1-13, virtual communication is shown by dotted lines and physical communication by solid lines. Between each pair of adjacent layers is an interface. The interface defines which primitive operations and services the lower layer makes available to the upper one. When network designers decide how many layers to include in a net-work and what each one should do, one of the most important considerations is def"
10595,10792,DBMS,0.792794,near_threshold,0,"./ fR1; : : : ; R ng is said to hold over a relation R if R1; : : : ; Rn is a lossless-join decomposition of R. An MVD X !! Y over a relation R can be expressed as the join dependency ./ fXY, X(R−Y)g. As an example, in the CTB relation, the MVD C !! T can be expressed as the join dependency ./ fCT,CBg. Unlike FDs and MVDs, there is no set of sound and complete inference rules for JDs. Fifth Normal Form A relation schema R is said to be in fth normal form (5NF) if for every JD ./ fR1; : : : ; Rng that holds over R, one of the following statements is true:  Ri = R for some i, or  The JD is implied by the set of those FDs over R in which the left side is a key for R. The second condition deserves some explanation, since we have not presented inference rules for FDs and JDs taken together. I","problems. A decomposition of a relation schema R consists of replacing the relation schema by two (or more) relation schemas that each contain a subset of the attributes of R and together include all attributes in R. Lossless-Join Decomposition Let R be a relation schema and let F be a set of FDs over R. A decomposition of R into two schemas with attribute sets X and Y is said to be a lossless-join decomposition with respect to F if for every instance r of R that satisfies the dependencies in F, X (r) ./ Y (r) = r. All decompositions used to eliminate redundancy must be lossless. The following simple test is very useful: Let R be a relation and F be a set of FDs that hold over R. The decomposition of R into relations with attribute sets Rand R is lossless if and only if F + contains either"
8092,8493,Operating Systems,0.791728,near_threshold,1,"has the same name. 3. Tree-structured directories: A tree structure is A more powerful and flexible approach to organize files and directories in hierarchical. There is a master directory, which has under it a number of user directories. Each of these user directories may have sub- directories and files as entries. This is true at any level: That is, at any level, a directory may Similarly, a write appends to the end of the file and advances to the end of the newly written material (the new end of file). Sequential access is based on a tape model of a file, and works as well on sequential-access devices as it does on random-access ones. Direct Access: A file is made up of fixed length logical records that allow programs to read and write records rapidly in no particular order. The direct-a","filesystem spanning the physical disks. A typical file-system organization. Directory Overview  Directory operations to be supported include: o Search for a file o Create a file - add to the directory o Delete a file - erase from the directory o List a directory - possibly ordered in different ways. o Rename a file - may change sorting order Tree-Structured Directories An obvious extension to the two-tiered directory structure, and the one with which we are all most familiar. Each user / process has the concept of a current directory from which all ( relative ) searches take place. Files may be accessed using either absolute pathnames ( relative to the root of the tree ) or relative pathnames ( relative to the current directory. ) Directories are stored the same as any other file in the s"
10151,10362,Computer Networks,0.790997,near_threshold,1," In this situation Transport layer provides Congestion Control in different ways.  It uses open loop congestion control (Retransmission Policy , Window Policy , Acknowledgment Policy etc..) to prevent the congestion and closed loop congestion(Backpressure , Choke Packet Technique etc..) control to remove the congestion in a network once it occurred.  TCP provides AIMD- Additive Increase Multiplicative Decrease, Leaky bucket technique for congestion control. 5. Data integrity and Error Correction Transport layer checks for errors in the messages coming from application layer by using error detection codes, computing checksums, it checks whether the received data is not corrupted and uses the ACK and NACK services to inform the sender if the data is arrived or not and checks for the integ","Data may arrive out of order and be temporarily stored by the receiving TCP, but yet guarantees that no out-of-order segment is delivered to the process TCP Congestion Control When the load offered to any network is more than it can handle, congestion builds up. The network layer detects congestion when queues grow large at routers and tries to manage it, if only by dropping packets. It is up to the transport layer to receive congestion feedback from the network layer and slow downthe rate of traffic that it is sending into the network. For Congestion control, transport protocol uses an AIMD (Additive Increase Multiplicative Decrease) control law. TCP congestion control is based on implementing this approach using a window called congestion window. TCP adjusts the size of the window accord"
9771,10151,Computer Networks,0.789878,near_threshold,0,"The Transport Layer:the layer above the internet layer in the TCP/IP model is now usually called the transport layer. It is designed to allow peer entities on the source and destination hosts to carry on a conversa- tion, just as in the OSI transport layer. Two end-to-end transport protocols have been defined here. The first one, TCP (Transmission Control Protocol), is a reliable connection- oriented protocol that allows a byte stream originating on one machine to be delivered without error on any other machine in the internet. It fragments the incoming byte stream into discrete messages and passes each one on to the internet layer. At the destination, the receiving TCP process reassembles the received messages into the output stream. TCP also handles flow control to make sure a fast sende"," In this situation Transport layer provides Congestion Control in different ways.  It uses open loop congestion control (Retransmission Policy , Window Policy , Acknowledgment Policy etc..) to prevent the congestion and closed loop congestion(Backpressure , Choke Packet Technique etc..) control to remove the congestion in a network once it occurred.  TCP provides AIMD- Additive Increase Multiplicative Decrease, Leaky bucket technique for congestion control. 5. Data integrity and Error Correction Transport layer checks for errors in the messages coming from application layer by using error detection codes, computing checksums, it checks whether the received data is not corrupted and uses the ACK and NACK services to inform the sender if the data is arrived or not and checks for the integ"
9081,9757,Computer Networks,0.786072,near_threshold,0,"to the correct destination, and for translating logical addresses and names (like a machine name FLAME) into physical addresses. This layer is also responsible for finding a path through the network to the destination computer. 2. Data-Link Layer: This layer takes the data frames or messages from the Network Layer and provides for their actual transmission. At the receiving computer, this layer receives the incoming data and sends it to the network layer for handling. The Data-Link Layer also provides error-free delivery of data between the two computers by using the physical layer. It does this by packaging the data from the Network Layer into a frame, which includes error detection information. At the receiving computer, the Data-Link Layer reads the incoming frame, and generates its own","added to the frame contains the hardware destination and source address. o Physical Addressing: The Data link layer adds a header to the frame that contains a destina- tion address. The frame is transmitted to the destination address mentioned in the header. o Flow Control: Flow control is the main functionality of the Data-link layer. It is the technique through which the constant data rate is maintained on both the sides so that no data get corrupted. It ensures that the transmitting station such as a server with higher processing speed does not exceed the receiving station, with lower processing speed. o Error Control: Error control is achieved by adding a calculated value CRC (Cyclic Redundancy Check) that is placed to the Data link layer's trailer which is added to the message frame b"
9029,9730,Computer Networks,0.786048,near_threshold,1,"The main reason for distinguishing MANs as a special category is that a standard has been adopted for them. It is DQDB (Distributed Queue Dual Bus) or IEEE 802.6. 1.1.3.2.3 Wide Area Network (WAN) WAN provides long-distance transmission of data, voice, image and information over large geographical areas that may comprise a country, continent or even the whole world. In contrast to LANs, WANs may utilize public, leased or private communication devices, usually in combinations, and can therefore span an unlimited number of miles as shown in Fig. 1.1.7. A WAN that is wholly owned and used by a single company is often referred to as enterprise network. Figure 1.1.7 Wide Area Network 1.1.3.2.4 The Internet Internet is a collection of networks or network of networks. Various networks such as LAN","from their inception until the late 1990s, they were intended for television reception only. To a first approximation, a MAN might look something like the system shown in Fig. In this figure both television signals and Internet are fed into the centralized head end for subsequent distribution to people's homes. Cable television is not the only MAN. Recent developments in high-speed wireless Internet access resulted in another MAN, which has been standardized as IEEE 802.16. 3. Wide Area Network (WAN): ● A WAN (Wide Area Network) spans a large geographical area, often a country or continent. ● The WAN in Fig. 1-10 is a network that connects offices in Perth, Melbourne, and Brisbane. Each of these offices con- tains computers intended for running user (i.e., application) programs. ● We will"
10834,10934,DBMS,0.782046,near_threshold,1,"periodically, which may also contain logs and active transactions and buffer blocks. <dump> can be marked on log file whenever the database contents are dumped from nonvolatile memory to a stable one. RECOVERY: When the system recovers from failure, it can restore the latest dump. It can maintain redo-list and undo-list as in checkpoints. It can recover the system by consulting undo-redo lists to restore the state of all transaction up to last checkpoint. DATABASE BACKUP & RECOVERY FROM CATASTROPHIC FAILURE Remote backup, described next, is one of the solutions to save life. Alternatively, whole database backups can be taken on magnetic tapes and stored at a safer place. This backup can later be restored on a freshly installed database and bring it to the state at least at the point of bac","Following techniques may be adopted in case of loss of volatile storage −  We can have checkpoints at multiple stages so as to save the contents of the database periodically.  A state of active database in the volatile memory can be periodically dumped onto a stable storage, which may also contain logs and active transactions and buffer blocks.  <dump> can be marked on a log file, whenever the database contents are dumped from a non-volatile memory to a stable one. Recovery  When the system recovers from a failure, it can restore the latest dump.  It can maintain a redo-list and an undo-list as checkpoints.  It can recover the system by consulting undo-redo lists to restore the state of all transactions up to the last checkpoint."
10822,11103,DBMS,0.78189,near_threshold,0,"(of length 2; with two edges) through the committed transactions T1 and T2, this schedule (history) is not Conflict serializable. The drawing sequence for the precedence graph:- Neither T nor T can make progress — executing lock-S(B) causes T to wait for T to release its lock on B, while executing lock-X(A) causes T to wait for T to release its lock on A. Such a situation is called a deadlock. l To handle a deadlock one of T or T must be rolled back 3 4 and its locks released. 2. The potential for deadlock exists in most locking protocols. Deadlocks are a necessary evil. 3.Starvation is also possible if concurrency control manager is badly designed. For example: a. A transaction may be waiting for an X-lock on an item, while a sequence of other transactions request and are granted an S-loc","(cid:127) Cascadeless schedule: a transaction may read a value only after the writing transaction has committed — avoids cascading rollbacks. 4.6 Concurrency Control Protocols (a) Lock-Based Protocols (cid:127) Shared lock (S): allows read access; multiple transactions can hold S-locks on the same item simultaneously. (cid:127) Exclusive lock (X): allows read+write; only one transaction may hold an X-lock, and no other lock is allowed on that item at the same time. (cid:127) Two-Phase Locking (2PL): every transaction has a growing phase (acquiring locks) and a shrinking phase (releasing locks), with no new locks acquired once the first lock is released — guarantees conflict serializability. (cid:127) Strict 2PL: all exclusive locks are held until the transaction commits/aborts — ensures ca"
9721,10280,Computer Networks,0.781058,near_threshold,1,"One big disadvantage of a star topology is the dependency of the whole topology on one single point, the hub. If the hub goes down, the whole system is dead. Although a star requires far less cable than a mesh, each node must be linked to a central hub. For this reason, often more cabling is required in a star than in some other topologies (such as ring or bus). Bus Topology: The preceding examples all describe point-to-point connections. A bus topology, on the other hand, is multipoint. One long cable acts as a backbone to link all the devices in a network Nodes are connected to the bus cable by drop lines and taps. A drop line is a connection running between the device and the main cable. A tap is a connector that either splices into the main cable or punctures the sheathing of a cable t","device, likea hub, switch, or computer. The central network device acts as a server and the peripheral devices act as clients. Depending on the type of network card used in each computer of the star topology, a coaxial cable or a RJ-45 network cableis used to connect computers together. Advantages of star topology Centralized management of the network, through the use of the central computer, hub, or switch. Easy to add another computer to the network. If one computer on the network fails, the rest of the network continues tofunction normally. The star topology is used in local-area networks (LANs), High speed LANsoften use a star topology with a central hub. Disadvantages of star topology Can have a higher cost to implement, especially when using a switch orrouter as the central network d"
7442,8858,Operating Systems,0.779843,near_threshold,0,"large potential page tables. Rather than waste memory by creating a full-size page table for every process, some systems use a page-table length register, PTLR, to specify the length of the page table. Figure 4.15 - Valid (v) or invalid (i) bit in page table Shared Pages • Paging systems can make it very easy to share blocks of memory, by simply duplicating page numbers in multiple page frames. This may be done with either code or data. • If code is reentrant, that means that it does not write to or change the code in any way ( it is non self- modifying ), and it is therefore safe to re-enter it. More importantly, it means the code can be shared by multiple processes, so long as each has their own copy of the data and registers, including the instruction register. • In the example given be","computer runs out of RAM, the operating system (OS) will move idle or unwanted pages of memory to secondary memory to free up RAM for other processes and brings them back when needed by the program. This process continues during the whole execution of the program where the OS keeps removing idle pages from the main memory and write them onto the secondary memory and bring them back when required by the program. Implementation of Page Table Page table is kept in main memory A data structure called page map table is used to keep track of the relation between a page of a process to a frame in physical memory. Paging Model of Logical and Physical Memory Free Frames When the system allocates a frame to any page, it translates this logical address into a physical address and create entry into th"
10627,10830,DBMS,0.779534,near_threshold,0,"natureof the contains relationship. For example, a database may have files, which contain pages, whichfurther contain records. This can be thought of as a tree of objects, where each node contains its children. A lock on such as a shared or exclusive lock locks the targeted node as well as all of itsdescendants. Multiple granularity locking is usually used with non-strict two-phase locking to guarantee serializability. The multiple-granularity locking protocol uses these lock modes to ensure serializability. It requires that a transaction Ti that attempts to lock a node Q must follow these rules:  Transaction Ti must observe the lock-compatibility function of Figure above.  Transaction Ti must lock the root of the tree first, and can lock it in anymode.  Transaction Ti can lock a node Q","operations on temporary local variables, without updates of the actual database. 2) Validation phase. The validation test is applied to transaction Ti. This determines whether Ti is allowed to proceed to the write phase without causing a violation of serializability. If a transaction fails the validation test, the system aborts the transaction. 3) Write phase. If the validation test succeeds for transaction Ti, the temporary local variables that hold the results of any write operations performed by Ti are copied to the database. Read-only transactions omit this phase. MODES IN VALIDATION-BASED PROTOCOLS 1. Start(Ti) 2. Validation(Ti ) 3. Finish MULTIPLE GRANULARITY. multiple granularity locking (MGL) is a locking method used in database management systems (DBMS) and relational databases. I"
7402,8831,Operating Systems,0.778275,near_threshold,1,"right side fork whereas an even philosopher picks up their right side fork first and then their left side fork. Code for the fourth form of solution is as follows: Program dining philosophers; A data object (i.e., file or record) is to be shared among several concurrent processes. Some of these processes may want only to read the content of the shared object, whereas others may want to update (i.e., read and write) the shared object. In this context if two readers access the shared data object simultaneously then no problem at all. If a writer and some other process (either reader or writer) access the shared object simultaneously then conflict will raise. For solving these problems various solutions are there:- 1. Assign higher priorities to the reader processes, as compared to the writer","use the shared resource. Second readers-writes problem: Once writer is ready,that writer performs its write as soon as possible. A process wishing to modify the shared data must request the lock in write mode. multiple processes are permitted to concurrently acquire a reader-writer lock in read mode. A reader writer lock in read mode. but only one process may acquire the lock for writing as exclusive access is required for writers. Semaphore mutex initialized to 1 o Semaphore wrt initialized to 1 o Integer read count initialized to 0 The structure of a writer process The structure of a reader process wait (mutex) ; readcount ++ ; if (readcount == 1) wait (wrt) ; signal (mutex) // reading is performed wait (mutex) ; readcount - - ; Five philosophers are seated on 5 chairs across a table. Ea"
10584,10596,DBMS,0.775781,near_threshold,0,"dependencies in F and F ; all FDs in F + are then sure to be satisfied. To enforce F , we need to examine only relation X (on inserts to that relation). To enforce F , we need to examine only relation Y. NORMALIZATION Having covered the concepts needed to understand the role of normal forms and de- compositionsin database design, we now consider algorithms for converting relations to BCNF or 3NF. If a relation schema is not in BCNF, it is possible to obtain a lossless-join decomposition into a collection of BCNF relation schemas. Unfortunately, there may not be any dependency-preserving decomposition into a collection of BCNF relation schemas Decomposition into BCNF We now present an algorithm for decomposing a relation schema R into a collection of BCNF relation schemas: 1. Suppose that R","rules for FDs and JDs taken together. Intuitively, we must be able to show that the decomposition of R into fR1; : : : ; Rng is lossless-join whenever the key dependencies (FDs in which the left side is a key for R) hold. ./ fR1; : : : ; Rng is a trivial JD if Ri = R for some i; such a JD always holds. The following result, also due to Date and Fagin, identifies conditions again, detected using only FD information under which we can safely ignore JD information. If a relation schema is in 3NF and each of its keys consists of a single attribute, it isalso in 5NF. The conditions identified in this result are sufficient for a relation to be in 5NF, but not necessary. The result can be very useful in practice because it allows us to conclude that arelation is in 5NF without ever identifying th"
10558,10769,DBMS,0.773087,near_threshold,0,"We first compute the set of tuples in Reserves with bid = 103 and then take the natural join of this set with Sailors. This expression can be evaluated on instances of Reserves and Sailors. Evaluated on the instances R2 and S3, it yields a relation πsname((σcolor=′red′ Boats) 𝖺⊳ Reserves 𝖺⊳ Sailors This query involves a series of two joins. First we choose (tuples describing) red boats. (Q3) Find the colors of boats reserved by Lubber. πcolor((σsname=′Lubber′ Sailors) 𝖺⊳ Reserves 𝖺⊳ Boats) This query is very similar to the query we used to compute sailors who reserved red boats. Oninstances B1, R2, and S3, the query will return the colors green and red. (Q4) Find the names of sailors who have reserved at least one boat.πsname(Sailors 𝖺⊳ Reserves) (Q5) Find the names of sailors who have res","πsname(Tempboats ⊲⊳Reserves ⊲⊳Sailors) (Q6) Find the names of sailors who have reserved a red and a green boat ρ(T empboats2, (σcolor=′redBoats) ∩(σcolor=greenBoats)) ′ ′ ′ πsname(Tempboats2 ⊲⊳Reserves ⊲⊳Sailors) However, this solution is incorrect —it instead tries to compute sailors who have re-served a boat that is both red and green. ρ(T empred, πsid((σcolor=′red ′Boats) ⊲⊳Reserves)) ρ(T empgreen, πsid((σcolor=′green ′Boats) ⊲⊳Reserves)) πsname((Tempred ∩ Tempgreen) ⊲⊳Sailors) (Q7) Find the names of sailors who have reserved at least two boats. ρ(Reservations, πsid,sname,bid(Sailors ⊲⊳Reserves)) ρ(Reservationpairs(1 → sid1, 2 → sname1, 3 → bid1, 4 → sid2, 5 → sname2,6 → bid2),Reservations × Reservations) πsname1σ(sid1=sid2) ∩(bid1=bid2)Reservationpairs (Q8) Find the sids of sailors wit"
7649,7650,Operating Systems,0.772699,near_threshold,0,"In addition, it provides for a unique identifier ( vnode ) for files across the entire space, including across all file systems of different types. ( UNIX inodes are unique only across a single file system, and certainly do not carry across networked file systems. ) • The VFS in Linux is based upon four key object types: o The inode object, representing an individual file o The file object, representing an open file. o The superblock object, representing a file system. o The dentry object, representing a directory entry. • Linux VFS provides a set of common functionalities for each filesystem, using function pointers accessed through a table. The same functionality is accessed through the same table position for all filesystem types, though the actual functions pointed to by the pointers m","/usr/include/linux/fs.h for full details. Common operations provided include open( ), read( ), write( ), and mmap( ). Schematic view of a virtual file system. DIRECTORY IMPLEMENTATION • Directories need to be fast to search, insert, and delete, with a minimum of wasted disk space. Linear List • A linear list is the simplest and easiest directory structure to set up, but it does have some drawbacks. • Finding a file ( or verifying one does not already exist upon creation ) requires a linear search. • Deletions can be done by moving all entries, flagging an entry as deleted, or by moving the last entry into the newly vacant position. • Sorting the list makes searches faster, at the expense of more complex insertions and deletions. • A linked list makes insertions and deletions into a sorted"
10521,10535,DBMS,0.771505,near_threshold,0,"UNIT – I Database System Applications: Database: A database is a collection of related data which represents some aspect of the real world. A database system is designed to be built and populated with data for a certain task. Or It is a collection of interrelated data. These can be stored in the form of tables. A database can be of any size and varying complexity. A database may be generated and manipulated manually or it may be computerized. Example:Customer database consists the fields as cname, cno, and ccity Cname Cno Ccity Let us see a simple example of a university database. This database is maintaining information concerning students, courses, and grades in a university environment. The database is organized as five files: The STUDENT file stores data of each student The COURSE file","anda type associated with it. A university organization may have several such record types, including • department, with fields dept_name, building, and budget • course, with fields course_id, title, dept_name, and credits At the physical level, an instructor, department, or student record can be described as a block ofconsecutive storage locations. At the logical level, each such record is described by a type definition, as in the previous codesegment, and the interrelationship of these record types is defined as well. Finally, at the view level, computer users see a set of application programs that hide details of the data types. At the view level, several views of the database are defined, and a database usersees some or all of these views. Instances and Schemas Databases change over ti"
9481,10301,Computer Networks,0.770993,near_threshold,1,"Mbps, and 1 bit takes 20 ms to make a round trip. What is the bandwidth-delay product? If the system data frames are 1000 bits in length, what is the utilization percentage of the link? The link utilization is only 1000/20,000, or 5 percent. For this reason, for a link with a high bandwidth or long delay, the use of Stop-and-Wait ARQ wastes the capacity of the link. 2. Go-Back-N Automatic Repeat Request To improve the efficiency of transmission (filling the pipe), multiple frames must be in transition while waiting for acknowledgment. In other words, we need to let more than one frame be outstanding to keep the channel busy while the sender is waiting for acknowledgment. The first is called Go-Back-N Automatic Repeat. In this protocol we can send several frames before receiving acknowledgm","To improve the efficiency of transmission (filling the pipe), multiple frames must be in transition while waiting for acknowledgment. In other words, we need to let more than one frame be outstanding to keep the channel busy while the sender is waiting for acknowledgment. The first is called Go-Back-N Automatic Repeat. In this protocol we can send several frames before receiving acknowledgments; we keep a copy of these frames until the acknowledgments arrive. In the Go-Back-N Protocol, the sequence numbers are modulo 2m, where m is the size of the sequence number field in bits. The sequence numbers range from 0 to 2 power m- 1. For example, if m is 4, the only sequence numbers are 0 through 15 inclusive. The sender window at any time divides the possible sequence numbers into four regions."
9126,9127,Computer Networks,0.766233,near_threshold,1,"long as the called party is free. For a network that supports only voice traffic, a blocking configuration may be acceptable, since most phone calls are of short duration. For data applications, where a connection may remain active for hours, non-blocking configuration is desirable. Circuit switching uses any of the three technologies: Space- division switches, Time-division switches or a combination of both. In Space-division switching, the paths in the circuit are separated with each other spatially, i.e. different ongoing connections, at a same instant of time, uses different switching paths, which are separated spatially. This was originally developed for the analog environment, and has been carried over to the digital domain. Some of the space switches are crossbar switches, Multi-sta","Multi-stage switches (e.g. Omega Switches). A crossbar switch is shown in Fig. 4.1.4. Basic building block of the switch is a metallic crosspoint or semiconductor gate that can be enabled or disabled by a control unit. • The number of crosspoints grows with the square of the number of attached stations. •Costly for a large switch. • The failure of a crosspoint prevents connection between the two devices whose lines intersect at that crosspoint. •The crosspoints are inefficiently utilized. • Only a small fraction of crosspoints are engaged even if all of the attached devices are active. Some of the above problems can be overcome with the help of multistage space division switches. By splitting the crossbar switch into smaller units and interconnecting them, it is possible to build multistag"
9422,9722,Computer Networks,0.76269,near_threshold,1," The central network device determines the performance and number of nodes the network can handle.  If the central computer, hub, or switch fails, the entire network goes down and all computers are disconnected from the network BUS: a line topology, a bus topology is a network setup in which each computer and network device are connected to a single cable or backbone. Advantages of bus topology  It works well when you have a small network.  It's the easiest network topology for connecting computers or peripherals in a linear fashion.  It requires less cable length than a star topology. Disadvantages of bus topology  It can be difficult to identify the problems if the whole network goes down.  It can be hard to troubleshoot individual device issues.  Bus topology is not great for la","main cable. A tap is a connector that either splices into the main cable or punctures the sheathing of a cable to create a contact with the metallic core. As a signal travels along the backbone, some of its energy is transformed into heat. Therefore, it becomes weaker and weaker as it travels farther and farther. For this reason there is a limit on the number of taps a bus can support and on the distance between those taps. Advantages of a bus topology include ease of installation. Backbone cable can be laid along the most efficient path, then con- nected to the nodes by drop lines of various lengths. In this way, a bus uses less cabling than mesh or star topologies. Disadvantages include difficult reconnection and fault isolation. A bus is usually designed to be optimally efficient at ins"
7535,8527,Operating Systems,0.762436,near_threshold,0,"outermost tracks. These numbers exceed the range of HSC numbers for many ( older ) operating systems, and therefore disks can be configured for any convenient combination of HSC values that falls within the total number of sectors physically on the drive. • There is a limit to how closely packed individual bits can be placed on a physical media, but that limit is growing increasingly more packed as technological advances are made. • Modern disks pack many more sectors into outer cylinders than inner ones, using one of two approaches: o With Constant Linear Velocity, CLV, the density of bits is uniform from cylinder to cylinder. Because there are more sectors in outer cylinders, the disk spins slower when reading those cylinders, causing the rate of bits passing under the read-write head to","working surfaces ), times the number of tracks per surface, times the number of sectors per track, times the number of bytes per sector. A particular physical block of data is specified by providing the head-sector- cylinder number at which it is located. -Moving-head disk mechanism.  In operation the disk rotates at high speed, such as 7200 rpm ( 120 revolutions per second. ) The rate at which data can be transferred from the disk to the computer is composed of several steps: o The positioning time, a.k.a. the seek time or random access time is the time required to move the heads from one cylinder to another, and for the heads to settle down after the move. This is typically the slowest step in the process and the predominant bottleneck to overall transfer rates. o The rotational latency"
7609,8465,Operating Systems,0.761692,near_threshold,1,"This is useful when an algorithm mistakenly replaces a page that in fact is needed again soon. Applications and Page Replacement • Some applications ( most notably database programs ) understand their data accessing and caching needs better than the general-purpose OS, and should therefore be given reign to do their own memory management. • Sometimes such programs are given a raw disk partition to work with, containing raw data blocks and no file system structure. It is then up to the application to use this disk partition as extended memory or for whatever other reasons it sees fit. Allocation of Frames We said earlier that there were two important tasks in virtual memory management: a page-replacement strategy and a frame-allocation strategy. This section covers the second part of that p","page frames. If those frames are 4 KB in size each, that translates to 16 TB of addressable physical memory. ( 32 + 12 = 44 bits of physical address space. )  When a process requests memory ( e.g. when its code is loaded in from disk ), free frames are allocated from a free-frame list, and inserted into that process's page table.  Processes are blocked from accessing anyone else's memory because all of their memory requests are mapped through their page table. There is no way for them to generate an address that maps into any other process's memory space.  The operating system must keep track of each individual process's page table, updating it whenever the process's pages get moved in and out of memory, and applying the correct page table when processing system calls for a particular p"
10562,10563,DBMS,0.761008,near_threshold,1,"(Q11) Find all sailors with a rating above 7. SELECT S.sid, S.sname, S.rating, S.age FROM Sailors AS S WHERE S.rating > 7 (Q16) Find the sids of sailors who have reserved a red boat. SELECT R.sid FROM Boats B, Reserves R WHERE B.bid = R.bid AND B.color = ‗red‘ SELECT S.sname FROM Sailors S, Reserves R, Boats B WHERE S.sid = R.sid ANDR.bid = B.bid AND B.color = ‗red‘ (Q3) Find the colors of boats reserved by Lubber. SELECT B.color FROM Sailors S, Reserves R, Boats B WHERE S.sid = R.sidAND R.bid = B.bid AND S.sname = ‗Lubber‘ (Q4) Find the names of sailors who have reserved at least one boat. SELECT S.sname FROM Sailors S, Reserves R WHERE S.sid = R.sid Expressions and Strings in the SELECT Command SQL supports a more general version of the select-list than just a list of columns. Each item","(Q6) Find the ages of sailors whose name begins and ends with B and has at least threecharacters. SELECT S.age FROM Sailors S WHERE S.sname LIKE ‗B %B‘The only such sailor is Bob, and his age is 63.5. UNION, INTERSECT, AND EXCEPT SQL provides three set-manipulation constructs that extend the basic query form pre-sented earlier. Since the answer to a query is a multiset of rows, it is natural to consider the use of operations such as union, intersection, and difference. SQL supports these operations under the names UNION, INTERSECT, and EXCEPT.4 SQL also provides other set operations: IN (to check if an element is in a given set),op ANY,op ALL(tocom-pare a value with the elements in a given set, using comparison operator op), and EXISTS (to check if a set is empty). IN and EXISTS can be pre"
10580,10596,DBMS,0.760977,near_threshold,0,"newer database systems are relaxing this requirement, in this chapter we will assume that italways holds. 2NF is mainly of historical interest. 3NF and BCNF are important from a database design standpoint. Boyce-Codd Normal Form Let R be a relation schema, X be a subset of the attributes of R, and let A be an attribute of R. R is in Boyce-Codd normal form if for every FD X ! A that holds over R, one of thefollowing statements is true:  A 2 X; that is, it is a trivial FD, or  X is a super key. Note that if we are given a set F of FDs, according to this de nition, we must consider each dependency X ! A in the closure F + to determine whether R is in BCNF. However, we can provethat it is sufficient to check whether the left side of each dependency in F is a super key (by computing the attri","rules for FDs and JDs taken together. Intuitively, we must be able to show that the decomposition of R into fR1; : : : ; Rng is lossless-join whenever the key dependencies (FDs in which the left side is a key for R) hold. ./ fR1; : : : ; Rng is a trivial JD if Ri = R for some i; such a JD always holds. The following result, also due to Date and Fagin, identifies conditions again, detected using only FD information under which we can safely ignore JD information. If a relation schema is in 3NF and each of its keys consists of a single attribute, it isalso in 5NF. The conditions identified in this result are sufficient for a relation to be in 5NF, but not necessary. The result can be very useful in practice because it allows us to conclude that arelation is in 5NF without ever identifying th"
9606,9612,Computer Networks,0.757172,near_threshold,1,"Sequence Number After the bytes have been numbered, TCP assigns a sequence number to each segment that is being sent. The sequence number for each segment is the number of the first byte carried in that segment. Acknowledgment Number The value of the acknowledgment field in a segment defines the number of the next byte a party expects to receive. The acknowledgment number is cumulative. 2 Flow Control TCP, provides flow control. The receiver of the data controls the amount of data that are to be sent by the sender. This is done to prevent the receiver from being overwhelmed with data. The numbering system allows TCP to use a byte-oriented flow control. 3 Error Control To provide reliable service, TCP implements an error control mechanism. Although error control considers a segment as the u","In TCP, connection-oriented transmission requires three phases: 1. connection establishment, 2. data transfer, 3. connection termination. TCP connection establishment(3 way handshaking) 1 The client sends the first segment, a SYN segment, in which only the SYN flag is set. NOTE:A SYN segment cannot carry data, but it consumes one sequence number. 2. The server sends the second segment, a SYN +ACK segment, with 2 flag bits set: SYN and ACK. This segment has a dual purpose. It is a SYN segment for communication in the other direction and serves as the acknowledgment for the SYN segment. It consumes one sequence number. NOTE:A SYN+ACK segment cannot carry data, but does consume one sequence number 3. The client sends the third segment. This is just an ACK segment. It acknowledges the receipt"
9802,10292,Computer Networks,0.755792,near_threshold,0,"times and pass it to the network layer more than once. ● To prevent this from happening, it is generally necessary to assign sequence numbers to outgoing frames, so that the receiver can distinguish retransmis- sions from originals. ● The whole issue of managing the timers and sequence numbers so as to en- sure that each frame is ultimately passed to the network layer at the desti- nation exactly once, no more and no less, is an important part of the duties of the data link layer (and higher layers). 2.1.4. Flow Control: ● Another important design issue that occurs in the data link layer (and higher layers as well) is what to do with a sender that systematically wants to transmit frames faster than the receiver can accept them. This situation can occur when the sender is running on a fast,","unreliable links such as a satellite channel or a long - distance telephone circuit 2. Framing: Frames are the streams of bits received from the network layer into manageable data units. This division of stream of bits is done by Data Link Layer. 3. Physical Addressing: The Data Link layer adds a header to the frame in order to define physical address of the sender or receiver of the frame, if the frames are to be distributed to different systems on the network. 4. Flow Control: A receiving node can receive the frames at a faster rate than it can process the frame. Without flow control, the receiver's buffer can overflow, and frames can get lost. To overcome this problem, the data link layer uses the flow control to prevent the sending node on one side of the link from overwhelming the rec"
10800,10801,DBMS,0.755781,near_threshold,1,"Atomicity: This means that either all of the instructions within the transaction will be reflected in the database, or none of them will be reflected. Say for example, we have two accounts A and B, each containing Rs 1000/-. We now start a transaction to deposit Rs 100/- from account A to Account B. A = A – 100; Write A; Read B; B = B + 100; Write B; Fine, is not it? The transaction has 6 instructions to extract the amount from A and submit it to B. The AFIM will show Rs 900/- in A and Rs 1100/- in B. Now, suppose there is a power failure just after instruction 3 (Write A) has been complete. What happens now? After the system recovers the AFIM will show Rs 900/- in A, but the same Rs 1000/- in B. It would be said that Rs 100/- evaporated in thin air for the power failure. Clearly such a si","failure. Clearly such a situation is not acceptable. The solution is to keep every value calculated by the instruction of the transaction not in any stable storage (hard disc) but in a volatile storage (RAM), until the transaction completes its last instruction. When we see that there has not been any error we do something known as a COMMIT operation. Its job is to write every temporarily calculated value from the volatile storage on to the stable storage. In this way, even if power fails at instruction 3, the post recovery image of the database will show accounts A and B both containing Rs 1000/- , as if the failed transaction had never occurred. Consistency: If we execute a particular transaction in isolation or together with other transaction, (i.e. presumably in a multi-programming env"
10581,10595,DBMS,0.752603,near_threshold,0,"involving key attributes, we can ensure that every relation schema can be decomposed into a collection of 3NF relations using only decompositions that have certain desirable properties DECOMPOSITIONS As we have seen, a relation in BCNF is free of redundancy (to be precise, redundancy that can be detected using FD information), and a relation schema in 3NF comes close. If a relation schema is not in one of these normal forms, the FDs that cause a violation can give us insight into the potential problems.. A decomposition of a relation schema R consists of replacing the relation schema by two (or more) relation schemas that each contain a subset of the attributes of R and together include all attributes in R.","./ fR1; : : : ; R ng is said to hold over a relation R if R1; : : : ; Rn is a lossless-join decomposition of R. An MVD X !! Y over a relation R can be expressed as the join dependency ./ fXY, X(R−Y)g. As an example, in the CTB relation, the MVD C !! T can be expressed as the join dependency ./ fCT,CBg. Unlike FDs and MVDs, there is no set of sound and complete inference rules for JDs. Fifth Normal Form A relation schema R is said to be in fth normal form (5NF) if for every JD ./ fR1; : : : ; Rng that holds over R, one of the following statements is true:  Ri = R for some i, or  The JD is implied by the set of those FDs over R in which the left side is a key for R. The second condition deserves some explanation, since we have not presented inference rules for FDs and JDs taken together. I"
10546,10547,DBMS,0.750957,near_threshold,1,"constraints and checks the authority of users to access data.  Transaction manager, which ensures that the database remains in a consistent (correct) state despite system failures, and that concurrent transaction executions proceed without conflicting.  File manager, which manages the allocation of space on disk storage and the data structures used to represent information stored on disk.  Buffer manager, which is responsible for fetching data from disk storage into main memory, and deciding what data to cache in main memory. The buffer manager is a critical part of the database system, since it enables the database to handle data sizes that are much larger than the size of main memory. Transaction Manager: A transaction is a collection of operations that performs a single logical funct","A transaction is a collection of operations that performs a single logical function in a database application. Each transaction is a unit of both atomicity and consistency. Thus, we require that transactions do not violate any database-consistency constraints. Relational Model The relational model is today the primary data model for commercial data processing applications. It attained its primary position because of its simplicity, which eases the job of the programmer, compared to earlier data models such as the network model or the hierarchical model. Structure of Relational Databases: A relational database consists of a collection of tables, each of which is assigned a unique name. For example, consider the instructor table of Figure:1.5, which stores information about instructors. The"
10928,10929,DBMS,0.750577,near_threshold,0,"o If W_TS(X) >TS(Ti) then the operation is rejected. o If W_TS(X) <= TS(Ti) then the operation is executed. o Timestamps of all the data items are updated. 2. Check the following condition whenever a transaction Ti issues a Write(X) operation: o If TS(Ti) < R_TS(X) then the operation is rejected. o If TS(Ti) < W_TS(X) then the operation is rejected and Ti is rolled back otherwise the operation is executed. Where, TS(TI) denotes the timestamp of the transaction Ti. R_TS(X) denotes the Read time-stamp of data-item X. W_TS(X) denotes the Write time-stamp of data-item X. Validation Based Protocol Validation phase is also known as optimistic concurrency control technique. In the validation based protocol, the transaction is executed in the following three phases:","results are written to the database or system otherwise the transaction is rolled back. Here each phase has the following different timestamps: Start(Ti): It contains the time when Ti started its execution. Validation (T): It contains the time when Ti finishes its read phase and starts its validation i phase. Finish(Ti): It contains the time when Ti finishes its write phase. o This protocol is used to determine the time stamp for the transaction for serialization using the time stamp of the validation phase, as it is the actual phase which determines if the transaction will commit or rollback. o Hence TS(T) = validation(T). o The serializability is determined during the validation process. It can't be decided in advance. o While executing the transaction, it ensures a greater degree of con"
9530,10319,Computer Networks,1,easy_positive,1,"The binary representation of redundant bits, i.e., r4r2r1 is 100, and its corresponding decimal value is 4. Therefore, the error occurs in a 4th bit position. The bit value must be changed from 1 to 0 to correct the error. Wired LANs: Ethernet In 1985, the Computer Society of the IEEE started a project, called Project 802, to set standards to enable intercommunication among equipment from a variety of manufacturers. Project 802 is a way of specifying functions of the physical layer and the data link layer of major LAN protocols. The relationship of the 802 Standard to the traditional OSI model is shown in below Figure. The IEEE has subdivided the data link layer into two sub layers: logical link control (LLC) and media access control). IEEE has also created several physical layer standards","The binary representation of redundant bits, i.e., r4r2r1 is 100, and its corresponding decimal value is 4. Therefore, the error occurs in a 4th bit position. The bit value must be changed from 1 to 0 to correct the error. Wired LANs: Ethernet In 1985, the Computer Society of the IEEE started a project, called Project 802, to set standards to enable intercommunication among equipment from a variety of manufacturers. Project 802 is a way of specifying functions of the physical layer and the data link layer of major LAN protocols. The relationship of the 802 Standard to the traditional OSI model is shown in below Figure. The IEEE has subdivided the data link layer into two sub layers: logical link control (LLC) and media access control). IEEE has also created several physical layer standards"
9624,9646,Computer Networks,0.999459,easy_positive,1,"destination TCP and is considered as lost. TCP uses a 16-bit checksum that is mandatory in every segment 23.64 TCP uses acknowledgments to confirm the receipt of data segments. Control segments that carry no data but consume a sequence number are also acknowledged. ACK segments are never acknowledged. ACK segments do not consume sequence numbers and are not acknowledged. Retransmission The heart of the error control mechanism is the retransmission of segments. When a segment is corrupted, lost, or delayed, it is retransmitted. In modern implementations, a retransmission occurs if the retransmission timer expires or three duplicate ACK segments have arrived. Retransmission After RTO (retransmission time out) Retransmission After Three Duplicate ACK Segments (also called fast retransmission)","destination TCP and is considered as lost. TCP uses a 16-bit checksum that is mandatory in every segment 23.36 TCP uses acknowledgments to confirm the receipt of data segments. Control segments that carry no data but consume a sequence number are also acknowledged. ACK segments are never acknowledged. ACK segments do not consume sequence numbers and are not acknowledged. Retransmission The heart of the error control mechanism is the retransmission of segments. When a segment is corrupted, lost, or delayed, it is retransmitted. In modern implementations, a retransmission occurs if the retransmission timer expires or three duplicate ACK segments have arrived. Retransmission After RTO (retransmission time out) Retransmission After Three Duplicate ACK Segments (also called fast retransmission)"
9619,10359,Computer Networks,0.999019,easy_positive,1,"3. The client TCP sends the last segment, an ACK segment, to confirm the receipt of the FIN segment from the TCP server. This segment contains the acknowledgment number, which is 1 plus the sequence number received in the FIN segment from the server. This segment cannot carry data and consumes no sequence numbers. Half-Close In TCP, one end can stop sending data while still receiving data. This is called a half-close. Although either end can issue a half-close, it is normally initiated by the client. It can occur when the server needs all the data before processing can begin. A good example is sorting. When the client sends data to the server to be sorted, the server needs to receive all the data before sorting can start. This means the client, after sending all the data, can close the con","3. The client TCP sends the last segment, an ACK segment, to confirm the receipt of the FIN segment from the TCP server. This segment contains the acknowledgment number, which is 1 plus the sequence number received inthe FIN segment from the server. This segment cannot carry data and consumes no sequence numbers. Half-Close In TCP, one end can stop sending data while still receiving data. This is called a half-close. Although either end can issue a half-close, it is normally initiated by the client. It can occur when the server needs all the data before processing can begin. A good example is sorting. When the client sends data to the server to be sorted, the server needs to receive all the data before sorting can start. This means the client, after sending all the data, can close the conn"
10611,10820,DBMS,0.99838,easy_positive,1,"transactions. Some transactions, however, can run with a lower isolation level, and the smaller number of locks requested can contribute to improved system performance. For example, a statistical query that finds the average sailor age can be run at the READ COMMITTED level, or even the READ UNCOMMITTED level, because a few incorrect or missing values will not significantly affect the result if the number of sailors is large. The isolation level and access mode can be set using the SET TRANSACTION command. For example, the following command declares the current transaction to be SERIALIZABLE and READ ONLY: SET TRANSACTION ISOLATION LEVEL SERIALIZABLE READ ONLY When a transaction is started, the default is SERIALIZABLE and READ","transactions. Some transactions, however, can run with a lower isolation level, and the smaller number of locks requested can contribute to improved system performance. For example, a statistical query that finds the average sailor age can be run at the READ COMMITTED level, or even the READ UNCOMMITTED level, because a few incorrect or missing values will not significantly affect the result if the number of sailors is large. The isolation level and access mode can be set using the SET TRANSACTION command. For example, the following command declares the current transaction to be SERIALIZABLE and READ ONLY: SET TRANSACTION ISOLATION LEVEL SERIALIZABLE READ ONLY When a transaction is started, the default is SERIALIZABLE and READ WRITE."
9454,10290,Computer Networks,0.996278,easy_positive,1,"Copper wiring, fiber optic cable, radio frequencies, anything that can be used to transmit data is defined on the Physical layer of the OSI Model  Device example: Hub  Used to transmit data Data Link Layer  Is responsible for moving frames from node to node or computer to computer  Can move frames from one adjacent computer to another, cannot move frames across routers  Encapsulation = frame  Requires MAC address or physical address  Protocols defined include Ethernet Protocol and Point-to-Point Protocol (PPP)  Device example: Switch  Two sublayers: Logical Link Control (LLC) and the Media Access Control (MAC) o Logical Link Control (LLC)  –Data Link layer addressing, flow control, address notification, error control o Media Access Control (MAC)  –Determines which computer has a","Copper wiring, fiber optic cable, radio frequencies, anything that can be used to transmit data is defined on the Physical layer of the OSI Model Device example: Hub Used to transmit data Data Link Layer Is responsible for moving frames from node to node or computer to computer Can move frames from one adjacent computer to another, cannot move frames across routers Encapsulation = frame Requires MAC address or physical address Protocols defined include Ethernet Protocol and Point-to-Point Protocol (PPP) Device example: Switch Two sublayers: Logical Link Control (LLC) and the Media Access Control (MAC) o Logical Link Control (LLC) –Data Link layer addressing, flow control, address notification, error control o Media Access Control (MAC) –Determines which computer has access to the network m"
7571,8462,Operating Systems,0.992176,easy_positive,1,"experience the problems more so than worst fit. External fragmentation means that the available memory is broken up into lots of little pieces, none of which is big enough to satisfy the next memory requirement, although the sum total could. • The amount of memory lost to fragmentation may vary with algorithm, usage patterns, and some design decisions such as which end of a hole to allocate and which end to save on the free list. • Statistical analysis of first fit, for example, shows that for N blocks of allocated memory, another 0.5 N will be lost to fragmentation. • Internal fragmentation also occurs, with all memory allocation strategies. This is caused by the fact that memory is allocated in blocks of a fixed size, whereas the actual memory needed will rarely be that exact size. For a","experience the problems more so than worst fit. External fragmentation means that the available memory is broken up into lots of little pieces, none of which is big enough to satisfy the next memory requirement, although the sum total could.  The amount of memory lost to fragmentation may vary with algorithm, usage patterns, and some design decisions such as which end of a hole to allocate and which end to save on the free list.  Statistical analysis of first fit, for example, shows that for N blocks of allocated memory, another 0.5 N will be lost to fragmentation.  Internal fragmentation also occurs, with all memory allocation strategies. This is caused by the fact that memory is allocated in blocks of a fixed size, whereas the actual memory needed will rarely be that exact size. For a"
7536,8533,Operating Systems,0.987766,easy_positive,1,"there are more sectors in outer cylinders, the disk spins slower when reading those cylinders, causing the rate of bits passing under the read-write head to remain constant. This is the approach used by modern CDs and DVDs. o With Constant Angular Velocity, CAV, the disk rotates at a constant angular speed, with the bit density decreasing on outer cylinders. ( These disks would have a constant number of sectors per track on all cylinders. ) DISK ATTACHMENT Disk drives can be attached either directly to a particular host ( a local disk ) or to a network. Host-Attached Storage • Local disks are accessed through I/O Ports as described earlier. • The most common interfaces are IDE or ATA, each of which allow up to two drives per host controller. • SATA is similar with simpler cabling. • High e","Because there are more sectors in outer cylinders, the disk spins slower when reading those cylinders, causing the rate of bits passing under the read-write head to remain constant. This is the approach used by modern CDs and DVDs. o With Constant Angular Velocity, CAV, the disk rotates at a constant angular speed, with the bit density decreasing on outer cylinders. ( These disks would have a constant number of sectors per track on all cylinders. ) DISK ATTACHMENT Disk drives can be attached either directly to a particular host ( a local disk ) or to a network. Host-Attached Storage  Local disks are accessed through I/O Ports as described earlier.  The most common interfaces are IDE or ATA, each of which allow up to two drives per host controller.  SATA is similar with simpler cabling."
7352,8382,Operating Systems,0.9871,easy_positive,1,"CPU). Approaches to multiple-processor schedulinga)Asymmetric multiprocessing One processor is the master, controlling all activities and running all kernel code, while the other runs only user code. b)Symmetric multiprocessing: Each processor schedules its own job. Each processor may have its own private queue of readyprocesses. Processor Affinity Successive memory accesses by the process are often satisfied in cache memory. what happens if the process migrates to another processor. the contents of cache memory must be invalidated for the first processor, cache for the second processor must be repopulated. Most Symmetric multi processor systems try to avoid migration of processes from one processor to another processor, keep a process running on the same processor. This is called processo","CPU). 1) Approaches to multiple-processor schedulinga)Asymmetric multiprocessing One processor is the master, controlling all activities and running all kernel code,while the other runs only user code. b)Symmetric multiprocessing: Each processor schedules its own job. Each processor may have its own private queue of ready processes. 2) Processor Affinity Successive memory accesses by the process are often satisfied in cache memory. what happens if the process migrates to another processor. the contents of cache memory must be invalidated for the first processor, cache for the second processor must be repopulated. Most Symmetric multi processor systems try to avoid migration of processes from one processor to another processor, keep a process running on the same processor. This is called pr"
7269,8286,Operating Systems,0.979069,easy_positive,1,Disadvantages of real-time operating system: o A fewer number of tasks can run simultaneously to avoid errors. o It is not easy for a designer to write complex and difficult algorithms or proficient programs required to get the desired output. o Specific drivers and interrupt signals are required to respond to interrupts quickly. o It may be very expensive due to the involvement of the resources required to work. An operating system is an interface which provides services to both the user and to the programs. It provides an environment for the program to execute. It also provides users with the services of how to execute programs in a convenient manner. The operating system provides some services to program and also to the users of those programs. The specific services provided by the OS a,Disadvantages of real-time operating system: o A fewer number of tasks can run simultaneously to avoid errors. o It is not easy for a designer to write complex and difficult algorithms or proficient programs required to get the desired output. o Specific drivers and interrupt signals are required to respond to interrupts quickly. o It may be very expensive due to the involvement of the resources required to work. An operating system is an interface which provides services to both the user and to the programs. It provides an environment for the program to execute. It also provides users with the services of how to execute programs in a convenient manner. The operating system provides some services to program and also to the users of those programs. The specific services provided by the OS a
9024,9089,Computer Networks,0.977717,easy_positive,1,"Computer networks can be broadly categorized into two types based on transmission •Broadcast networks •Point-to-point networks 1.2.3.1.1 Broadcast Networks Broadcast network have a single communication channel that is shared by all the machines on the network as shown in Figs.1.1.2 and 1.1.3. All the machines on the network receive short messages, called packets in certain contexts, sent by any machine. An address field within the packet specifies the intended recipient. Upon receiving a packet, machine checks the address field. If packet is intended for itself, it processes the packet; if packet is not intended for itself it is simply ignored. Figure 1.1.2 Example of a broadcast network based on shared bus Figure 1.1.3 Example of a broadcast network based on satellite communication This s","Computer networks can be broadly categorized into two types based on transmission Broadcast networks Point-to-point networks Figure 2-2 Point-to-Point Line Configuration Figure 2-3 Multipoint Line Configuration Broadcast Networks Broadcast network have a single communication channel that is shared by all the machines on the network as shown in Figs.1.1.2 and 1.1.3. All the machines on the network receive short messages, called packets in certain contexts, sent by any machine. An address field within the packet specifies the intended recipient. Upon receiving a packet, machine checks the address field. If packet is intended for itself, it processes the packet; if packet is not intended for itself it is simply ignored. This system generally also allows possibility of addressing the packet to"
7498,8514,Operating Systems,0.970186,easy_positive,1,"Counting • When there are multiple contiguous blocks of free space then the system can keep track of the starting address of the group and the number of contiguous free blocks. As long as the average length of a contiguous group of free blocks is greater than two this offers a savings in space needed for the free list. ( Similar to compression techniques used for graphics images when a group of pixels all the same color is encountered. ) Space Maps • Sun's ZFS file system was designed for HUGE numbers and sizes of files, directories, and even file systems. • The resulting data structures could be VERY inefficient if not implemented carefully. For example, freeing up a 1 GB file on a 1 TB file system could involve updating thousands of blocks of free list bit maps if the file was spread acr","Counting  When there are multiple contiguous blocks of free space then the system can keep track of the starting address of the group and the number of contiguous free blocks. As long as the average length of a contiguous group of free blocks is greater than two this offers a savings in space needed for the free list. ( Similar to compression techniques used for graphics images when a group of pixels all the same color is encountered. ) Space Maps  Sun's ZFS file system was designed for HUGE numbers and sizes of files, directories, and even file systems.  The resulting data structures could be VERY inefficient if not implemented carefully. For example, freeing up a 1 GB file on a 1 TB file system could involve updating thousands of blocks of free list bit maps if the file was spread acr"
10584,10794,DBMS,0.968266,easy_positive,1,"dependencies in F and F ; all FDs in F + are then sure to be satisfied. To enforce F , we need to examine only relation X (on inserts to that relation). To enforce F , we need to examine only relation Y. NORMALIZATION Having covered the concepts needed to understand the role of normal forms and de- compositionsin database design, we now consider algorithms for converting relations to BCNF or 3NF. If a relation schema is not in BCNF, it is possible to obtain a lossless-join decomposition into a collection of BCNF relation schemas. Unfortunately, there may not be any dependency-preserving decomposition into a collection of BCNF relation schemas Decomposition into BCNF We now present an algorithm for decomposing a relation schema R into a collection of BCNF relation schemas: 1. Suppose that R","That is, if we take the dependencies in FX and FY and compute the closure of their union, we get back all dependencies in the closure of F. Therefore, we need to enforce only the dependencies in FX and FY ; all FDs in F + are then sure to be satisfied. To enforce FX , we need to examine only relation X (on inserts to that relation). To enforce FY , we need to examine only relation Y. NORMALIZATION Having covered the concepts needed to understand the role of normal forms and de-compositions in database design, we now consider algorithms for converting relations to BCNF or 3NF. If a relation schema is not in BCNF, it is possible to obtain a lossless-join decomposition into a collection of BCNF relation schemas.. Unfortunately, there may not be any dependency-preserving decomposition into a c"
7340,8374,Operating Systems,0.963101,easy_positive,1,"Dispatcher: The main job of dispatcher is switching the cpu from one process to another process. Dispatcher connects the cpu to the process selected by the short term scheduler. Dispatcher latency: The time it takes by the dispatcher to stop one process and start another process is known as dispatcher latency. If the dispatcher latency is increasing, then the degree of multiprogramming decreases. SCHEDULING CRITERIA: 1. Throughput: how many jobs are completed by the cpu with in a time period. 2. Turn around time: The time interval between the submission of the process and time of the completion is turn around time. TAT = Waiting time in ready queue + executing time + waiting time in waiting queue for I/O. 3. SCHEDULING CRITERIA: 1. Throughput: how many jobs are completed by the cpu with in","If p1<p2 CPU preempt p1 and assigned to p2. Dispatcher: The main job of dispatcher is switching the cpu from one process to another process. Dispatcher connects the cpu to the process selected by the short term scheduler. Dispatcher latency: The time it takes by the dispatcher to stop one process and start another process is known as dispatcher latency. If the dispatcher latency is increasing, then the degree of multiprogramming decreases. SCHEDULING CRITERIA: 1. Throughput: how many jobs are completed bythe cpu with in a timeperiod. 2. Turn around time : The time interval between the submission of the processand time of the Dispatcher latency: The time it takes by the dispatcher to stop one process and start another process is known as dispatcher latency. If the dispatcher latency is incr"
7391,7395,Operating Systems,0.961507,easy_positive,1,"process executing the wait is blocked. • The signal operation increments the semaphore value. If the value is not positive, then a process blocked by a wait operation is unblocked. No-op stands for no operation. Usage To deal with the n-process critical-section problem ‘n’ processes share a semaphore by initializing mutex to 1. remainder section until false Another usage of semaphores is to solve various synchronization problems. For example, concurrently running processes P1 with a statement S1. S2; By initializing synch to zero (0), execute S2 only after P1 has invoked signal (synch),which is after S1. Implementation In the above semaphore definition the waiting process trying to enter its critical section must loop continuously in the entry code.This continuous looping in the entrycode","Usage To deal with the n-process critical-section problem ‘n’ processes share a semaphore by initializing mutex to 1. remainder section until false Another usage of semaphores is to solve various synchronization problems. For example, concurrently running processes P1 with a statement S1. S2; By initializing synch to zero (0), execute S2 only after P1 has invoked signal (synch),which is after S1. Implementation In the above semaphore definition the waiting process trying to enter its critical section must loop continuously in the entry code.This continuous looping in the entrycode is called busy waiting.Busy waiting wastes CPU cycles, this type of semaphoreis called spinlock. These spinlocks are useful in multiprocessor systems. No context switch is required when a process waits on a lock."
9402,10082,Computer Networks,0.960363,easy_positive,1," To introduce the fundamental types of computer networks.  To demonstrate the TCP/IP & OSI model merits & demerits.  To know the role of various protocols in Networking UNIT - I: Introduction: Network, Uses of Networks, Types of Networks, Reference Models: TCP/IP Model, The OSI Model, Comparison of the OSI and TCP/IP reference model. Architecture of Internet. Physical Layer: Guided transmission media, Wireless transmission media, Switching UNIT - II: Data Link Layer - Design issues, Error Detection & Correction, Elementary Data Link Layer Protocols, Sliding window protocols Multiple Access Protocols - ALOHA, CSMA,CSMA/CD, CSMA/CA, Collision free protocols, Ethernet- Physical Layer, Ethernet Mac Sub layer, Data link layer switching: Use of bridges, learning bridges, spanning tree bridges","III Year B.Tech IT – II Semester L T/P/D C 3 -/-/- 3 (R18A0518) COMPUTER NETWORKS Objectives: 1. To introduce the fundamental of computer networks. 2. To demonstrate the framework of TCP/IP & OSI model. 3. To know the role of various protocols in Networking. 4. To learn the detailed functioning of various network layers. UNIT - I: Introduction: Network, Uses of Networks, Types of Networks, Reference Models: TCP/IP Model, The OSI Model, Comparison of the OSI and TCP/IP reference model. Architecture of Internet. Physical Layer: Guided transmission media, Wireless transmission media, Switching. UNIT - II: Data Link Layer - Design issues, Error Detection & Correction, Elementary Data Link Layer Protocols, Sliding window protocols Multiple Access Protocols - ALOHA, CSMA,CSMA/CD, CSMA/CA, Collis"
8757,8860,Operating Systems,0.499015,easy_negative,0,"User goals – operating system should be convenient to use, easy to learn, reliable, safe, and fast System goals – operating system should be easy to design, implement, and maintain, as well as flexible, reliable, error-free, and efficient Important principle to separate Policy: What will be done? Mechanism: How to do it? Mechanisms determine how to do something, policies decide what will be done The separation of policy from mechanism is a very important principle, it allows maximum flexibility if Simple Structure MS-DOS – written to provide the most functionality in the least space Not divided into modules Although MS-DOS has some structure, its interfaces and levels of Functionality are not well separated MS-DOS Layer Structure The operating system is divided into a number of layers (lev",removing idle pages from the main memory and write them onto the secondary memory and bring them back when required by the program. Implementation of Page Table Page table is kept in main memory Page-table base register (PTBR) points to the page table Page-table length register (PRLR) indicates size of the page table In this scheme every data/instruction access requires two memory accesses. One for the page table and one for the data/instruction. The two memory access problem can be solved by the use of a special fast-lookup hardware cache called associative memory or translation look-aside buffers (TLBs) Memory Protection Memory protection implemented by associating protection bit with each frame Valid-invalid bit attached to each entry in the page table: “valid” indicates that the associ
8393,8400,Operating Systems,0.473396,easy_negative,0,"R= {R1, R2….Rm}, the set consisting of all resource types in the system. A directed edge from process Pi to resource type Rj is denoted by Pi ->Rj. It signifies that process Pi has requested an instance of resource type Rj and is currently waiting for that resource. A directed edge from resource type Rj to process Pi is denoted by Rj ->Pi, it signifies that an instance of resource type Rj has been allocated to process Pi. A directed edge Pi ->Rj is called a requested edge. resource and waitingto acquire additional resources that are currently being held by otherprocesses. 3. NO PREEMPTION: Resources cannot be preempted. A resource can be released only voluntarily by the process holding it, after that process has completed itstask. 4. CIRCULAR WAIT: A set {P0,P1,…..Pn} of waiting processes","Synchronization With Hardware Certain features of the hardware can make programming task easier and it will alsoimprove system efficiency in solving critical-section problem. For achieving this in uniprocessor environment we need to disable the interrupts when a shared variable is being modified. Whereas in multiprocessor environment disabling the interrupts isa time consuming process and system efficiency also decreases. Syntax for interrupt disabling process disable interrupts; Special Hardware Instructions For eliminating the problems in interrupt disabling techniques particularly in multiprocessor environment we need to use special hardware instructions. In a multiprocessor environment, several processors share access to a common main memory. Processors behave independently. There is n"
10789,11095,DBMS,0.408327,easy_negative,0,"A -> X; that is, it is a trivial FD, or X is a super key. Note that if we are given a set F of FDs, according to this definition, we must consider each dependency X -> A in the closure F + to determine whether R is in BCNF. However, we can prove that it is sufficient to check whether the left side of each dependency in F is a super key (by computing the attribute closure and seeing if it includes all attributes of R). BCNF ensures that no redundancy can be detected using FD information alone. It is thus the most desirable normal form (from the point of view of redundancy). Thus, if a relation is in BCNF, every field of every tuple records a piece of information that cannot be inferred (using only FDs) from the values in all other elds in (all tuples of) the relation instance. Third Normal","Cartesian Product × Combines every tuple of R with every tuple of S Rename r (rho) Renames a relation and/or its attributes Join (Natural) n Combines related tuples from two relations over common attributes Example: find names of students in the 'CSE' department: p Name ( s Dept = 'CSE' (Student) ) Additional (derived) operators: (cid:127) Theta Join (nq): Cartesian product followed by a selection on condition q. (cid:127) Equi-join: a theta join where q uses only equality comparisons. (cid:127) Natural Join: equi-join on all common attributes, with duplicate columns removed automatically. (cid:127) Division (÷): used for queries of the form 'find X that are related to ALL Y' (e.g., students who have enrolled in every course offered). 2.6 Tuple Relational Calculus (TRC)"
10031,10141,Computer Networks,0.377485,easy_negative,0,"● If it is not, the client releases the connection and tries again later. If the server is willing to accept email, the client announces whom the email is coming from and whom it is going to. ● If such a recipient exists at the destination, the server gives the client the go- ahead to send the message. ● Then the client sends the message and the server acknowledges it. No check- sums are needed because TCP provides a reliable byte stream. ● If there is more email, that is now sent. When all the email has been exchanged in both directions, the connection is released. ● A sample dialog for sending the message of Fig. 7-14, including the numerical codes used by SMTP, is shown in Fig. 7-15. ● The lines sent by the client (i.e., the sender) are marked C:. Those sent by the server (i.e., the rec","3. Flow label : This is 24 bit field, which is designed to provide facility of specially handling the specific flow of the data. 4. Payload length : This is 16 bit field, which defines the length of an IP datagram excluding the base header. 5. Next header : This is 8 bit field, which defines the header that follows the base header in the datagram. 6. Hop limit : This is 8 bit field, which serves the same purpose as the TTL( Time to Live field in IPv4) field. It is a mechanism that limits the life span of the data in computer networks. 7. Source address : This is 128 bit source address field, which identifies the original source of the datagram. 8. Destination address : It is 128 bit destination address field, which identifies the original destination of the datagram. Priority field of IPv6"
9367,9884,Computer Networks,0.36492,easy_negative,0,"• Interruption: It is an attack on the availability of information by cutting wires, jamming wireless signals or dropping of packets by a switch. • Interception: As a message is communicated through a network, eavesdroppers can listen in use it for his/her own benefit and try to tamper it. • Modification: As a message is communicated through a network, eavesdroppers can intercept it and send a modified message in place of the original one. • Fabrication: A message may be sent by a stranger by posing as a friend. This is also known as impersonation. These attacks can be prevented with the help of several services implemented with the help of cryptography, as mentioned in the following section. 5.6 Security Services","sumption, sta- tions can tell if the channel is in use before trying to use it. No station will attempt to use the channel while it is sensed as busy. If there is no carrier sense, stations cannot sense the channel before trying to use it. They just go ahead and transmit. Only later can they determine whether the transmission was success- ful. MULTIPLE ACCESS PROTOCOLS Many algorithms for allocating a multiple access channel are known. ALOHA The story of our first MAC starts out in pristine Hawaii in the early 1970s. In this case, ‘‘pristine’’ can be interpreted as ‘‘not having a working telephone sys- tem.’’ This did not make life more pleasant for researcher Norman Abramson and his colleagues at the Uni- versity of Hawaii who were trying to connect users on re- mote islands to the main c"
7943,8890,Operating Systems,0.364455,easy_negative,0,"mailbox. Nonblocking send: The sending process sends the message and resumes operation. Blocking receive: The receiver blocks until a message is available. Nonblocking receive: The receiver retrieves either a valid message or a null. Different combinations of send and receive are possible. When both the send and receive are blocking, we have a rendezvous between the sender and the receiver. Buffering Whether the communication is direct or indirect, messages exchanged by communicating processes reside in a temporary queue. Basically, such a queue can be implemented in three ways: Zero capacity: The queue has maximum length 0; thus, the link cannot have any messages waiting in it. In this case, the sender must block until the recipient receives the message. Bounded capacity: The queue has fi","Therefore, disk is a block addressable device. Character Devices A character device accepts/delivers a stream of characters without regarding to any block structure. Character device isn't addressable. Character device doesn't have any seek operation. There are too many character devices present in a computer system such as printer, mice, rats, network interfaces etc. These four are the common character devices. Device Controllers Device drivers are software modules that can be plugged into an OS to handle a particular device. Operating System takes help from device drivers to handle all I/O devices. The Device Controller works like an interface between a device and a device driver. I/O units (Keyboard, mouse, printer, etc.) typically consist of a mechanical component and an electronic com"
7643,8081,Operating Systems,0.3376,easy_negative,0,"In addition to translating from logical to physical blocks, the file organization module also maintains the list of free blocks, and allocates free blocks to files as needed. o The logical file system deals with all of the meta data associated with a file ( UID, GID, mode, dates, etc ), i.e. everything about the file except the data itself. This level manages the directory structure and the mapping of file names to file control blocks, FCBs, which contain all of the meta data as well as block number information for finding the data on the disk. • The layered approach to file systems means that much of the code can be used uniformly for a wide variety of different file systems, and only certain layers need to be filesystem specific. Common file systems in use include the UNIX file system, U","Counters: We associate with each page-table entry a time-of-use field, and add to the CPU a logical clock or counter. The clock is incremented for every memory reference. Whenever a reference to a page is made, the contents of the clock register are copied to the time-of-use field in the page-table entry for that page. We replace the page with the smallest time value. This scheme requires a search of the page table to find the LRU page, and a write to memory (to the time-of-use field in the page table) for each memory access. The times must also be maintained when page tables are changed (due to CPU scheduling). Stack: Another approach to implementing LRU replacement is to keep a stack of page numbers. Whenever a page is referenced, it is removed from the stack and put on the top. In this"
9017,9117,Computer Networks,0.307763,easy_negative,0,"UNIT I PHYSICAL LAYER Data Communications – Networks - Networks models – OSI model – Layers in OSI model TCP / IP protocol suite – Addressing – Guided and Unguided Transmission media Switching: Circuit switched networks – Data gram Networks – Virtual circuit networks Cable networks for Data transmission: Dialup modems – DSL – Cable TV – Cable TV for Data 1.1.1 Introduction The concept of Network is not new. In simple terms it means an interconnected set of some objects. For decades we are familiar with the Radio, Television, railway, Highway, Bank and other types of networks. In recent years, the network that is making significant impact in our day-to-day life is the Computer network. By computer network we mean an interconnected set of autonomous computers. The term autonomous implies tha","a 1 second delay between typing a character and receiving its echo. Characteristics: Optimum frequency range for satellite communication is 1 to 10 GHz. The most popular frequency band is referred to as 4/6 band, which uses 3.7 to 4.2 GHz for down link and 5.925 to 6.425 for uplink transmissions. The 500 MHz bandwidth is usually split over a dozen transponders, each with 36 MHz bandwidth. Each 36 MHz bandwidth is shared by time division multiplexing. As this preferred band is already saturated, the next highest band available is referred to as 12/14 GHz. It uses 14 to 14.5GHz for upward transmission and 11.7 to 12.2 GHz for downward transmissions. Communication satellites have several unique properties. The most important is the long communication delay for the round trip (about 270 ms) be"
7249,8311,Operating Systems,0.304014,easy_negative,0,"among the various user and tasks. 2. It mainly provides an interface between the computer hardware and the programmer that simplifies and makes feasible for coding, creation of application programs and debugging Two Views of Operating System 1. User's View 2. System View define the ways in which these resources are used to solve the computing problems of the users. And the System program mainly consists of compilers, loaders, editors, OS, etc. • The Operating System is mainly used to control the hardware and coordinate its use among the various application programs for the different users. • Basically, Computer System mainly consists of hardware, software, and data. OS is mainly designed in order to serve two basic purposes: 1. The operating system mainly controls the allocation and use of","/proc/uptime 7. /var – Variable Files  var stands for variable files.  Content ofthe files that are expected to grow can be found under this directory.  This includes — system log files (/var/log); packages and database files (/var/lib); emails (/var/mail); print queues (/var/spool); lock files (/var/lock); temp files needed across reboots (/var/tmp); 8. /tmp – Temporary Files  Directorythat contains temporary files created bysystem and users.  Files under this directory are deleted when system is rebooted. 9. /usr – User Programs  Contains binaries, libraries, documentation, and source-code for second level programs.  /usr/bin contains binary files for user programs. If you can‘t find a user binary under /bin, look under /usr/bin. For example: at, awk, cc, less, scp  /usr/sbin con"
10613,10819,DBMS,0.291143,easy_negative,1,"create an edge (T --> T) in the precedence graph. This results in directed edges from T to T , T to T , and T to T . 2 1 1 3 2 3 5. The schedule S is conflict serializable if the precedence graph has no cycles. As T and T constitute a cycle, then we cannot declare S as serializable or not and serializability has to be checked using other methods. TESTING FOR CONFLICT SERIALIZABILITY  A schedule is conflict serializable if and only if its precedence graph is acyclic.  To test for conflict serializability, we need to construct the precedence graph and toinvoke a cycle-detection algorithm.Cycle-detection algorithms exist which take order n2 time, where n is the number of vertices in the graph. (Better algorithms take order n +e where e is the number of edges.)  If precedence graph is acycl","object is complete. (This guarantee relies on the fact that every SQL transaction obtains exclusive locks before writing objects and holds exclusive locks until the end.) A READ UNCOMMITTED transaction does not obtain shared locks before reading objects. This mode represents the greatest exposure to uncommitted changes of other transactions; so much so that SQL prohibits such a transaction from making any changes itself - a READ UNCOMMITTED transaction is required to have an access mode of READ ONLY. Since such a transaction obtains no locks for reading objects, and it is not allowed to write objects (and therefore never requests exclusive locks), it never makes any lock requests. The SERIALIZABLE isolation level is generally the safest and is recommended for most transactions. Some transa"
7496,8276,Operating Systems,0.285739,easy_negative,0,"Space Maps • Sun's ZFS file system was designed for HUGE numbers and sizes of files, directories, and even file systems. • The resulting data structures could be VERY inefficient if not implemented carefully. For example, freeing up a 1 GB file on a 1 TB file system could involve updating thousands of blocks of free list bit maps if the file was spread across the disk. • ZFS uses a combination of techniques, starting with dividing the disk up into ( hundreds of ) metaslabs of a manageable size, each having their own space map. • Free blocks are managed using the counting technique, but rather than write the information to a table, it is recorded in a log-structured transaction record. Adjacent free blocks are also coalesced into a larger single free block. • An in-memory space map is const","DEPT OF CSE 6 Advantages of Distributed Operating System:  Failure of one will not affect the other network communication, as all systems are independent from each other  Electronic mail increases the data exchange speed  Since resources are being shared, computation is highly fast and durable  Load on host computer reduces  These systems are easily scalable as many systems can be easily added to the network  Delay in data processing reduces Disadvantages of Distributed Operating System:  Failure of the main network will stop the entire communication  To establish distributed systems the language which is used are not well defined yet  These types of systems are not readily available as they are very expensive. Real-Time Operating System: It is developed for real-time applications"
9784,9982,Computer Networks,0.229982,easy_negative,0,"substance suddenly enters another substance (of a different density), the ray changes direction. Below figure shows how a ray of light changes direction when going from a denser to a less dense substance. As the figure shows, if the angle of incidence I (the angle the ray makes with the line perpendicular to the interface between the two substances) is less than the critical angle, the ray refracts and moves closer to the surface. If the angle of incidence is equal to the critical angle, the light bends along the interface. If the angle is greater than the critical angle, the ray reflects (makes a turn) and travels again in the denser substance . Note that the critical angle is a property of the substance, and its value differs from one substance to another. Optical fibers use reflection t","Tunneling uses a layered protocol model such as those of the OSI or TCP/IP protocol suite. So, in other words, when data moves from host A to B it covers all the different level of the specified protocol (OSI, TCP/IP, etc.), while moving between different levels, data conversion (encapsulation) to suit different interfaces of the particular layer is called tunneling. 6. How networks can be connected. Explain with diagram. 7. List out some ways networks can differ with each other. 8. Analyze how reliable and ordered delivery is achieved through TCP. TCP is said to be reliable because when an application receives data, it knows that this is exactly the data that the sender sent. No part of the data was lost, reordered, etc. Error control is the part of TCP that deals with ensuring the reliab"
9249,9772,Computer Networks,0.224348,easy_negative,0,"number of virtual circuits can be multiplexed into a single physical circuit for transmission across the network. This capability often can reduce the equipment and network complexity required to connect multiple DTE devices. A virtual circuit can pass through any number of intermediate DCE devices (switches) located within the Frame Relay PSN. Before going into the details of DLCI let us first have a look at the two types of Frame Relay Circuits, namely: switched virtual circuits (SVCs) and permanent virtual circuits (PVCs). Switched virtual circuits (SVCs) are temporary connections used in situations requiring only sporadic data transfer between DTE devices across the Frame Relay network. A communication session across an SVC consists of the following four operational states: •Call setup","the receiving TCP process reassembles the received messages into the output stream. TCP also handles flow control to make sure a fast sender cannot swamp a slow receiver with more messages than it can handle. Fig.1: The TCP/IP reference model. The second protocol in this layer, UDP (User Datagram Protocol), is an unreliable, connectionless protocol for applications that do not want TCP's sequencing or flow control and wish to provide their own. It is also widely used for one-shot, client-server-type request-reply queries and applications in which prompt delivery is more important than accurate delivery, such as transmitting speech or video. The relation of IP, TCP, and UDP is shown in Fig.2. Since the model was developed, IP has been implemented on many other networks. Fig.2: Protocols and"
7310,7976,Operating Systems,0.211142,easy_negative,0,"$ /home/geeksforgeeks/root When a command/process is running in the foreground and is taking a lot of time, no other processes can be run or started because the prompt would not be available until the program finishes processing and comes out. Method 2: Background Process: It runs in the background without keyboard input and waits till keyboard input is required. Thus, other processes can be done in parallel with the process running in the background since they do not have to wait for the previous process to be completed. Adding & along with the command starts it as a background process $ pwd & Since pwd does not want any input from the keyboard, it goes to the stop state until moved to the foreground and given any data input. Thus, on pressing Enter: Output: [1] + Done pwd $ That first li","Note that Need[i,j] = Max[i,j] - Allocafion[i,j]. These data structures vary over time in both size and value. The vector Allocation specifies the resources currently allocated to process Pi; the vector Need specifies the additional resources that process Pi may still request to complete its task. Safety Algorithm The algorithm for finding out whether or not a system is in a safe state can be described as follows: 1. Let Work and Finish be vectors of length m and n, respectively. Initialize For Example: ((a) Resource-allocation graph. (b) Corresponding wait-for graph) A deadlock exists in the system if and only if the wait-for graph contains a cycle. To detect deadlocks, the system needs to maintain the wait-for graph and periodically to invoke an algorithm that searches for a cycle in the"
10104,10140,Computer Networks,0.161542,easy_negative,0,"bandwidth can be used to transmit digital data with a very high data rate. The Infrared Data Association (IrDA), an association for sponsoring the use of infrared waves, has established standards for using these signals for communication between devices such as keyboards, mice, PCs, and printers. For example, some manufacturers provide a special port called the IrDA port that allows a wireless keyboard to communicate with a PC. SWITCHING Introduction A Network Switch is a constituent of computer network that connects two network slices and/or two network devices (switches or routers) together. Switch can be termed as a network bridge with multiple ports which helps to process and route packets at data link layer of the OSI reference model. There are some switches which have capabilities to","Identification field.  Identify the 1st fragment(offset = 0).  Identify subsequent fragment using header length, fragment offset.  Repeat until MF = 0. Efficiency – Efficiency (e) = useful/total = (Data without header)/(Data with header) Throughput = e * B { where B is bottleneck bandwidth } Example – An IP router with a Maximum Transmission Unit (MTU) of 200 bytes has received an IP packet of size 520 bytes with an IP header of length 20 bytes. The values of the relevant fields in the IP header. Explanation – Since MTU is 200 bytes and 20 bytes is header size so, maximum length of data = 180 bytes but it can be represented in fragment offset since not divisible by 8 so, maximum length of data feasible = 176 bytes. Number of fragments = (520/200) = 3. Header length = 5 (since scalin"
